fii,cnpj,nome_cvm,data_cvm,gestao_cvm,administrador,pct_papel,pct_tijolo,pct_fof,cotistas,pl,taxa_adm_mes
KNCR11,16.706.958/0001-32,KINEA RENDIMENTOS IMOBILIARIOS FII RESPONSABILIDADE LIMITADA,2026-08-01,Ativa,INTRAG DISTRIBUIDORA DE TÍTULOS E VALORES MOBILIÁRIOS LTDA,0.9313661776135992,0.0,0.06863382238640073,586131.0,10991179817.17,0.000865
PBLV11,31.962.875/0001-06,PROLOGIS BRAZIL LOGISTICS VENTURE FII,2026-08-01,Ativa,BRL TRUST DTVM S.A.,0.0,1.0,0.0,2.0,8171924494.33,1.12172683513659e-05
BTLG11,11.839.593/0001-09,BTGP LOGISTICA FII,2026-08-01,Ativa,BTG PACTUAL SERVICOS FINANCEIROS S.A. DISTRIBUIDOR,0.03833369871521474,0.8780793627595967,0.08358693852518857,525374.0,7568317626.83,0.000698
HGLG11,11.728.688/0001-47,PÁTRIA LOG - FUNDO DE INVESTIMENTO IMOBILIÁRIO,2026-08-01,Ativa,BANCO GENIAL S.A.,0.0038245215177780006,0.9782639466927295,0.017911531789492435,608345.0,7567668488.14,0.000442
KNIP11,24.960.430/0001-13,KINEA INDICES DE PREÇOS FII RESPONSABILIDADE LIMITADA,2026-08-01,Ativa,INTRAG DISTRIBUIDORA DE TÍTULOS E VALORES MOBILIÁRIOS LTDA,0.9999617823525245,0.0,3.821764747541587e-05,72683.0,7478029611.87,0.000835
XPML11,28.757.546/0001-00,XP MALLS FII,2026-08-01,Ativa,XP INVESTIMENTOS CCTVM S.A.,0.016433970686558528,0.6792948728153291,0.30427115649811226,733101.0,7081112753.36,0.000627
PMRV11,12.989.974/0001-29,CAIXA FUNDO DE INVESTIMENTO IMOBILIARIO PORTO MARAVILHA,2026-08-01,Ativa,CAIXA ECONÔMICA FEDERAL,0.0,1.0,0.0,1.0,6920023980.29,0.000167012
TRXF11,28.548.288/0001-52,TRX REAL ESTATE FUNDO DE INVESTIMENTO IMOBILIÁRIO - FII,2026-08-01,Ativa,BRL TRUST DTVM S.A.,0.04818502641799926,0.7359389107006421,0.21587606288135858,351702.0,6031755593.95,0.0006795380011934
XPLG11,26.502.794/0001-85,XP LOG FII RL,2026-08-01,Ativa,"XP INVESTIMENTOS CORRETORA DE CÂMBIO, TÍTULOS E VAL MOB S/A",0.0,0.9359162047307875,0.06408379526921246,366494.0,5377779876.31,0.000518
MXRF11,97.521.225/0001-25,FII MAXI RENDA RL,2026-08-01,Ativa,BTG PACTUAL SERVICOS FINANCEIROS S.A. DISTRIBUIDOR,0.7640244477263617,0.10293058706172833,0.13304496521191006,1529305.0,5252427199.9,0.00075
KNRI11,12.005.956/0001-65,KINEA RENDA IMOBILIARIA FII RESPONSABILIDADE LIMITADA,2026-08-01,Ativa,INTRAG DISTRIBUIDORA DE TÍTULOS E VALORES MOBILIÁRIOS LTDA,0.08239542071783414,0.9176045792821658,0.0,313382.0,4613026520.42,0.000867
ANCR11,07.789.135/0001-27,FUNDO DE INVESTIMENTO IMOBILIÁRIO ANCAR IC,2026-08-01,Ativa,GENIAL INVESTIMENTOS CORRETORA DE VALORES MOBILIÁRIOS S.A.,0.08378302415412804,0.8525986373018519,0.06361833854401999,250.0,4313209299.56,2.50137896185576e-05
FTCE11,01.235.622/0001-61,OPPORTUNITY FUNDO DE INVESTIMENTO IMOBILIÁRIO,2026-08-01,Ativa,BRL TRUST DTVM S.A.,0.07078581270282182,0.8285903378414236,0.10062384945575456,124.0,4027453350.06,0.0009615691886145
CHLL11,18.950.957/0001-64,CHALLENGER FUNDO DE INVESTIMENTO IMOBILIÁRIO - FII,2026-08-01,Ativa,"XP INVESTIMENTOS CORRETORA DE CÂMBIO, TÍTULOS E VAL MOB S/A",0.0,1.0,0.0,1.0,3837793404.86,0.000108
GGRC11,26.614.291/0001-00,ZAGROS RENDA IMOBILIÁRIA FII RESPONSABIL,2026-08-01,Ativa,VÓRTX DTVM LTDA,0.00764606359883859,0.7530162744944295,0.23933766190673178,411230.0,3777611904.3,2.5e-05
JCDR11,56.992.328/0001-96,JHSF CAPITAL DESENV IMOB FII RESPONSABILIDADE LIMITADA,2026-08-01,Definida,"XP INVESTIMENTOS CORRETORA DE CÂMBIO, TÍTULOS E VAL MOB S/A",0.0,1.0,0.0,100.0,3487536932.62,5e-05
VISC11,17.554.274/0001-25,VINCI SHOPPING CENTERS FUNDO DE INVESTIMENTO IMOBILIÁRIO-FII,2026-08-01,Ativa,BRL TRUST DTVM S.A.,0.0,0.971449403172831,0.02855059682716892,345414.0,3328225550.62,0.0008905296395696
HGRU11,29.641.226/0001-53,PÁTRIA RENDA URBANA - FUNDO DE INVESTIMENTO IMOBILIÁRIO,2026-08-01,Ativa,BANCO GENIAL S.A.,0.02383064936976959,0.8983493505177164,0.07782000011251397,232516.0,3181472851.52,0.0005324956361612
KNHY11,30.130.708/0001-28,KINEA HIGH YIELD CRI FII RESPONSABILIDADE LIMITADA,2026-08-01,Ativa,INTRAG DISTRIBUIDORA DE TÍTULOS E VALORES MOBILIÁRIOS LTDA,0.9959271824074424,0.0,0.004072817592557627,27588.0,3084289360.01,0.001336
CPTS11,18.979.895/0001-13,CAPITANIA SEC II FII,2026-08-01,Ativa,BTG PACTUAL SERVICOS FINANCEIROS S.A. DISTRIBUIDOR,0.22642288521466716,0.0,0.7735771147853329,398543.0,3081805083.78,0.000678
HGBS11,08.431.747/0001-06,HEDGE BRASIL SHOPPING FUNDO DE INVESTIMENTO IMOBILIÁRIO,2026-08-01,Ativa,HEDGE INVESTMENTS DTVM LTDA,0.01589476028479053,0.7284305867499955,0.25567465296521386,202530.0,2913123560.27,0.000464
IRIM11,41.076.564/0001-95,IRIDIUM CRI FII RL,2026-08-01,Ativa,BTG PACTUAL SERVICOS FINANCEIROS S.A. DISTRIBUIDOR,0.7707825083155015,0.018557395348835836,0.21066009633566268,197858.0,2885402342.71,0.000649
PVBI11,35.652.102/0001-76,VBI PRIME FII RL,2026-08-01,Ativa,BTG PACTUAL SERVICOS FINANCEIROS S.A. DISTRIBUIDOR,0.0,0.8346870056224553,0.1653129943775448,179517.0,2842168108.17,0.000488
GARE11,37.295.919/0001-60,FII GUARDIAL LOGISTICA,2026-08-01,Ativa,.BANCO DAYCOVAL S/A,0.11503886264477091,0.1767544736749396,0.7082066636802895,553693.0,2624096755.71,0.000668
BRRI11,20.680.775/0001-62,FII BRISA RE IMOB RL,2026-08-01,Ativa,BTG PACTUAL SERVICOS FINANCEIROS S.A. DISTRIBUIDOR,0.010741745010489174,0.9892582549895108,0.0,1.0,2595177035.71,9.8e-05
TGAR11,25.032.881/0001-53,FII TG ATIVO REAL,2026-08-01,Definida,VÓRTX DTVM LTDA,0.020068437575619123,0.9632381813369688,0.016693381087412088,127101.0,2513202336.34,5.2e-05
HCTR11,30.248.180/0001-96,FII HECTARE CE,2026-08-01,Ativa,VÓRTX DTVM LTDA,0.9340532369479344,0.0,0.06594676305206569,118112.0,2321484503.3,7e-06
RECR11,28.152.272/0001-26,FII REC RECEBIVEIS IMOBILIARIOS,2026-08-01,Ativa,BRL TRUST DTVM S.A.,0.9358089969361078,0.031671615970346303,0.03251938709354586,173041.0,2318894217.75,0.0001459599137421
BRCR11,08.924.783/0001-01,BC FUND FII,2026-08-01,Ativa,BTG PACTUAL SERVICOS FINANCEIROS S.A. DISTRIBUIDOR,0.0,0.8269955867123432,0.17300441328765684,108857.0,2149942607.02,0.000147
HSML11,32.892.018/0001-31,HSI - MALLS FII RESP. LIMITADA,2026-08-01,Ativa,SANTANDER CACEIS BRASIL DTVM S.A.,0.0016045377270485568,0.9527353060531318,0.04566015621981957,186884.0,2120498695.92,0.000758
MALL11,26.499.833/0001-32,PATRIA MALLS FUNDO DE INVESTIMENTO IMOBILIÁRIO,2026-08-01,Ativa,BANCO GENIAL S.A.,0.0,0.7349560662451303,0.26504393375486957,137606.0,2117952654.32,0.0003522561982102
JSRE11,13.371.132/0001-71,JS REAL ESTATE MULTIGESTÃO FUNDO DE INVESTIMENTO IMOBILIÁRIO,2026-08-01,Ativa,BANCO J SAFRA S.A,0.0,0.8009517219293194,0.19904827807068062,82623.0,2107266257.47,0.000471
BRCO11,20.748.515/0001-81,BRESCO LOGISTICA FUNDO DE INVESTIMENTO IMOBILIÁRIO,2026-08-01,Ativa,OLIVEIRA TRUST DTVM S.A.,0.0,1.0,0.0,137263.0,2068114437.96,1.9e-05
CSMC11,41.081.336/0001-03,COSMIC FUNDO DE INVESTIMENTO IMOBILIÁRIO,2026-08-01,Ativa,BRL TRUST DTVM S.A.,0.0,1.0,0.0,1.0,2057866324.84,3.54459952619475e-05
ISSH11,15.447.108/0001-02,GAZIT MALLS FII,2026-08-01,Ativa,BTG PACTUAL SERVICOS FINANCEIROS S.A. DISTRIBUIDOR,0.0,0.8741404508984895,0.12585954910151065,7701.0,2027037174.95,3.2e-05
LVBI11,30.629.603/0001-18,VBI LOGISTICO FII RL,2026-08-01,Ativa,BTG PACTUAL SERVICOS FINANCEIROS S.A. DISTRIBUIDOR,0.0,0.8264876725725506,0.17351232742744932,123510.0,1950169735.62,0.000708
KNHF11,42.754.342/0001-47,KINEA HEDGE FUND FII RESPONSABILIDADE LIMITADA,2026-08-01,Ativa,INTRAG DISTRIBUIDORA DE TÍTULOS E VALORES MOBILIÁRIOS LTDA,0.5486446418456015,0.30302563214911316,0.1483297260052853,71935.0,1945586257.94,0.000916
RZTR11,36.501.128/0001-86,FUNDO DE INVESTIMENTO IMOBILIÁRIO RIZA TERRAX,2026-08-01,Ativa,BANCO GENIAL S.A.,0.0,1.0,0.0,146997.0,1843280781.51,0.0008987310216747
SNEL11,43.741.171/0001-84,FUNDO DE INVESTIMENTO IMOBILIÁRIO SUNO ENERGIAS LIMPAS,2026-08-01,Ativa,QI CORRETORA DE TITULOS E VALORES MOBILIARIOS S.A,0.0,0.10466300497012042,0.8953369950298796,127599.0,1829045460.46,5.262e-05
KNSC11,35.864.448/0001-38,KINEA SECURITIES FII RESPONSABILIDADE LIMITADA,2026-08-01,Ativa,INTRAG DISTRIBUIDORA DE TÍTULOS E VALORES MOBILIÁRIOS LTDA,1.0,0.0,0.0,269532.0,1788939459.44,0.001022
HGRE11,09.072.017/0001-29,PÁTRIA ESCRITÓRIOS FUNDO DE INVESTIMENTO IMOBILIÁRIO,2026-08-01,Ativa,BANCO GENIAL S.A.,0.012642411519523276,0.9873575884804767,0.0,143912.0,1779304317.73,0.000641
RBVA11,15.576.907/0001-70,RIO BRAVO RENDA VAREJO FII DE RESPONSABILIDADE LIMITADA,2026-08-01,Ativa,RIO BRAVO INVESTIMENTOS DTVM LTDA,0.0,0.9921475177499411,0.007852482250058804,96217.0,1761536439.55,0.000445
ALZR11,28.737.771/0001-85,ALIANZA TRUST FII RL,2026-08-01,Ativa,BTG PACTUAL SERVICOS FINANCEIROS S.A. DISTRIBUIDOR,0.0,0.6975703130894267,0.3024296869105733,209909.0,1758690658.65,0.000809
MCLO11,57.466.934/0001-30,MAUÁ CAPITAL LOGÍSTICA FII - RESPONSABILIDADE LIMITADA,2026-08-01,Ativa,"XP INVESTIMENTOS CORRETORA DE CÂMBIO, TÍTULOS E VAL MOB S/A",0.028062988521099664,0.9719370114789004,0.0,236.0,1725842539.33,9.5e-05
HFOF11,18.307.582/0001-19,HEDGE TOP FOFII 3 FUNDO DE INVESTIMENTO IMOBILIÁRIO,2026-08-01,Ativa,HEDGE INVESTMENTS DTVM LTDA,0.0,0.0,1.0,87636.0,1645794909.78,0.00041
VILG11,24.853.044/0001-22,VINCI LOGISTICA FUNDO DE INVESTIMENTO IMOBILIARIO,2026-08-01,Ativa,BRL TRUST DTVM S.A.,0.0238432985535072,0.8012734678506528,0.17488323359584,149011.0,1630009547.19,0.0005980350922977
BBPO11,14.410.722/0001-29,TIVIO RENDA IMOBILIÁRIA,2026-08-01,Ativa,BEM DTVM LTDA,0.0026933852559942652,0.9727538295950424,0.024552785148963224,57770.0,1601567695.45,0.000229
MCCI11,23.648.935/0001-84,MAUA CAP RE FII RL,2026-08-01,Ativa,BTG PACTUAL SERVICOS FINANCEIROS S.A. DISTRIBUIDOR,0.8584924043103732,0.0,0.14150759568962681,125253.0,1594373850.45,0.000784
CVBI11,28.729.197/0001-13,PATRIA CREDITO IMOBILIARIO INDICE DE PRECOS FII RESP LTDA,2026-08-01,Ativa,BRL TRUST DTVM S.A.,0.7856104071486992,0.0,0.21438959285130085,112550.0,1587101203.64,0.0006531107768191
HGCR11,11.160.521/0001-22,PÁTRIA RECEBÍVEIS IMOBILIÁRIOS - FII,2026-08-01,Ativa,BANCO GENIAL S.A.,0.8413702382011263,0.0,0.1586297617988737,100918.0,1508480185.02,0.000613
RBRR11,29.467.977/0001-03,PATRIA HIGH G FII,2026-08-01,Ativa,BTG PACTUAL SERVICOS FINANCEIROS S.A. DISTRIBUIDOR,0.9838407234959317,0.0,0.016159276504068294,143056.0,1505238923.48,0.000753
VGIR11,29.852.732/0001-91,VALORA CRI CDI FII,2026-08-01,Ativa,BTG PACTUAL SERVICOS FINANCEIROS S.A. DISTRIBUIDOR,0.9799215989152301,0.011519819358052949,0.008558581726716925,279240.0,1431878378.18,0.000849
HSLG11,32.903.621/0001-71,HSI LOGÍSTICA FUNDO DE INVESTIMENTO IMOBILIÁRIO,2026-08-01,Ativa,BRL TRUST DTVM S.A.,0.0,1.0,0.0,40716.0,1393090287.9,0.0005259866114669
VCJR11,32.400.250/0001-05,VECTIS JUROS REAL FUNDO DE INVESTIMENTO IMOBILIÁRIO - FII,2026-08-01,Ativa,INTRAG DISTRIBUIDORA DE TÍTULOS E VALORES MOBILIÁRIOS LTDA,0.9884878207279268,0.0,0.01151217927207304,28805.0,1357876278.15,0.0013
ELDO11,13.022.994/0001-99,FII ELDORADO FII  RESPONSABILIDADE LIMITADA,2026-08-01,Definida,RIO BRAVO INVESTIMENTOS DTVM LTDA,0.0,1.0,0.0,112.0,1356214374.7,4.8e-05
DEVA11,37.087.810/0001-37,DEVANT RECEBÍVEIS IMOBILIÁRIOS FII,2026-08-01,Ativa,VÓRTX DTVM LTDA,0.9568087233665178,0.0,0.043191276633482115,71564.0,1354465723.47,6.3e-05
RBRX11,41.088.458/0001-21,PATRIA PLUS MULT FII,2026-08-01,Ativa,BTG PACTUAL SERVICOS FINANCEIROS S.A. DISTRIBUIDOR,0.41507710243321877,0.009910111684772759,0.5750127858820084,128185.0,1352681336.75,0.000859
VGHF11,36.771.692/0001-19,VALORA HEDGE FII,2026-08-01,Definida,.BANCO DAYCOVAL S/A,0.25813010601086084,0.18412311310724536,0.5577467808818938,358491.0,1340951607.66,0.000669
VRTA11,11.664.201/0001-00,FATOR VERITA FII,2026-08-01,Ativa,BANCO FATOR S.A.,0.9114412583721114,0.0,0.08855874162788865,100313.0,1303872308.41,0.000704
RVBI11,35.507.457/0001-71,PATRIA SECURITIES FII - RESPONSABILIDADE LIMITADA,2026-08-01,Ativa,BRL TRUST DTVM S.A.,0.2851619328930182,0.0,0.7148380671069818,80590.0,1291622323.64,0.0005618484573376
RBRY11,30.166.700/0001-11,PATRIA CREDITO FII,2026-08-01,Ativa,BTG PACTUAL SERVICOS FINANCEIROS S.A. DISTRIBUIDOR,0.8279377815492339,0.0,0.1720622184507661,77075.0,1282408329.21,0.000913
FNDA11,13.726.079/0001-84,SONDA FDO INVEST IMOB RESP LTDA,2026-08-01,Ativa,VÓRTX DTVM LTDA,0.0,1.0,0.0,2.0,1260903501.1,5e-05
BROF11,48.978.859/0001-04,BRPR CORPORATE FII,2026-08-01,Ativa,BTG PACTUAL SERVICOS FINANCEIROS S.A. DISTRIBUIDOR,0.0,0.8330204579220208,0.16697954207797921,10691.0,1259864444.85,6.6e-05
GSFI11,11.769.604/0001-13,FII PLANNER 2557 - GSFI FII,2026-08-01,Definida,PLANNER CORRETORA DE VALORES S.A.,0.0,1.0,0.0,6838.0,1234333839.07,8.33615321423305e-05
GTWR11,23.740.527/0001-58,FUNDO DE INVESTIMENTO IMOBILIÁRIO GREEN TOWERS,2026-08-01,Ativa,BEM DTVM LTDA,0.0,1.0,0.0,32127.0,1216337088.54,0.000325
JSCE11,60.176.399/0001-98,JS CRÉDITO ESTRUTURADO FI IMOBILIARIO RESP LIMITADA,2026-08-01,Ativa,BANCO J SAFRA S.A,1.0,0.0,0.0,3392.0,1117814959.97,8.4e-05
MCHY11,36.655.973/0001-06,MAUÁ CAP REAL FII RL,2026-08-01,Ativa,BTG PACTUAL SERVICOS FINANCEIROS S.A. DISTRIBUIDOR,0.5023320525684263,0.17410369050479907,0.32356425692677476,93710.0,1113776705.28,0.000876
VGIP11,34.197.811/0001-46,VALORA CRI FII RL,2026-08-01,Ativa,BTG PACTUAL SERVICOS FINANCEIROS S.A. DISTRIBUIDOR,0.9925058495635576,0.0,0.007494150436442453,81504.0,1070325205.3,0.000719
URPR11,34.508.872/0001-87,URCA PRIME RENDA FI IMOBILIÁRIO,2026-08-01,Ativa,VÓRTX DTVM LTDA,0.8036452947799664,0.19381714328924057,0.0025375619307930605,53862.0,1068584679.16,0.000134
ALVS11,15.447.110/0001-73,SHOPP CIDADE JD FII,2026-08-01,Definida,BTG PACTUAL SERVICOS FINANCEIROS S.A. DISTRIBUIDOR,0.0,1.0,0.0,3.0,1050017618.16,0.000289
KORE11,52.219.978/0001-42,KINEA OPORTUNIDADES REAL ESTATE FII,2026-08-01,Ativa,INTRAG DISTRIBUIDORA DE TÍTULOS E VALORES MOBILIÁRIOS LTDA,0.04826565137877051,0.9517343486212295,0.0,30209.0,1032866966.8,0.000493
JCCJ11,50.701.686/0001-16,FII JHSF CAP MALLS,2026-08-01,Ativa,BTG PACTUAL SERVICOS FINANCEIROS S.A. DISTRIBUIDOR,0.2628653281487757,0.17148921963734973,0.5656454522138746,383.0,1031578524.41,0.000449
BRLA11,35.652.278/0001-28,RAIZZ RENDA LOG FII,2026-08-01,Ativa,BTG PACTUAL SERVICOS FINANCEIROS S.A. DISTRIBUIDOR,0.0,1.0,0.0,578.0,1028720737.14,0.000208
FEXC11,09.552.812/0001-14,BTG CRÉDITO IMOB FII,2026-08-01,Ativa,BTG PACTUAL SERVICOS FINANCEIROS S.A. DISTRIBUIDOR,0.8214711141544654,0.0,0.1785288858455346,214211.0,1008015827.87,0.000712
IBBP11,52.551.605/0001-74,INVISTA DESENV VI FII RESP LTDA,2026-08-01,Definida,VÓRTX DTVM LTDA,0.0,0.8439572690481787,0.15604273095182128,2037.0,997966578.21,9.1e-05
JKEF11,23.532.837/0001-87,FUNDO DE INVESTIMENTO IMOB JK E,2026-08-01,Ativa,VÓRTX DTVM LTDA,0.0,1.0,0.0,2.0,971369522.74,3.8e-05
BBIG11,54.375.187/0001-37,BB PREMIUM MALLS FII DE RESPONSABILIDADE LIMITADA,2026-08-01,Ativa,BB GESTAO DE RECURSOS DTVM S.A.,0.0,0.9891417293581792,0.01085827064182089,37182.0,965913437.99,0.000311
RBRP11,21.408.063/0001-51,FUNDO DE INVESTIMENTO IMOBILIARIO PÁTRIA PROPERTIES,2026-08-01,Ativa,BRL TRUST DTVM S.A.,0.03359619350237163,0.7910694264225444,0.17533438007508384,48913.0,957912025.16,0.0004288819215223
PATB11,14.788.492/0001-36,PATEO BANDEIRANT FII,2026-08-01,Ativa,BTG PACTUAL SERVICOS FINANCEIROS S.A. DISTRIBUIDOR,0.0,1.0,0.0,1.0,948065080.36,0.000422
SHDP11,07.224.019/0001-60,SPDP FII RL,2026-08-01,Definida,BTG PACTUAL SERVICOS FINANCEIROS S.A. DISTRIBUIDOR,0.0,1.0,0.0,2.0,892156959.08,0.000175
BPML11,33.046.142/0001-49,BTGP SHOPPINGS FII,2026-08-01,Ativa,BTG PACTUAL SERVICOS FINANCEIROS S.A. DISTRIBUIDOR,0.0,0.9162579886975137,0.08374201130248635,6698.0,886303862.35,7e-05
MCLG11,57.979.459/0001-04,MAUÁ CAPITAL LOGÍSTICA FEEDER FII,2026-08-01,Ativa,"XP INVESTIMENTOS CORRETORA DE CÂMBIO, TÍTULOS E VAL MOB S/A",0.0,0.0,1.0,14255.0,876025083.81,1.1e-05
VJFD11,15.489.509/0001-17,JFDCAM FUNDO DE INVESTIMENTO IMOBILIÁRIO - FII,2026-08-01,Ativa,QI CORRETORA DE TITULOS E VALORES MOBILIARIOS S.A,0.0,1.0,0.0,106.0,834056145.85,7.498e-05
SPTW11,31.145.875/0001-05,BFC FUNDO DE INVESTIMENTO IMOBILIÁRIO,2026-08-01,Ativa,BANCO GENIAL S.A.,0.0,1.0,0.0,2.0,830262846.38,5.92403721477483e-05
VINO11,12.516.185/0001-70,VINCI OFFICES FUNDO DE INVESTIMENTO IMOBILIÁRIO,2026-08-01,Ativa,BRL TRUST DTVM S.A.,0.0,1.0,0.0,121900.0,814055875.97,0.0004443356416646
PQAG11,12.978.943/0001-72,PARQUE ANHANGUERA FUNDO DE INVESTIMENTO IMOBILIÁRIO,2026-08-01,Ativa,HEDGE INVESTMENTS DTVM LTDA,0.04173223068172714,0.9582677693182728,0.0,477.0,790281846.98,0.000167
BTSI11,36.930.464/0001-44,BTSP II FUNDO DE INVESTIMENTO IMOBILIÁRI,2026-08-01,Ativa,INTER DTVM LTDA.,0.0,1.0,0.0,225.0,788772580.62,0.000342
RZAK11,36.642.219/0001-31,RIZA AKIN FII RL,2026-08-01,Ativa,BTG PACTUAL SERVICOS FINANCEIROS S.A. DISTRIBUIDOR,0.7882231077226404,0.0,0.21177689227735955,43105.0,776327972.34,0.000913
BTRU11,08.098.114/0001-28,BTG RENDA URB FII,2026-08-01,Ativa,BTG PACTUAL SERVICOS FINANCEIROS S.A. DISTRIBUIDOR,0.0,0.9825746755927974,0.017425324407202507,833.0,771011586.5,0.000872
RECT11,32.274.163/0001-59,FUNDO REC RENDA IMOBILIARIA,2026-08-01,Ativa,BRL TRUST DTVM S.A.,0.009026619140099454,0.9909733808599006,0.0,45423.0,767704921.72,0.0001423402884472
XPCI11,28.516.301/0001-91,XP CREDITO IMOBILIÁRIO FII,2026-08-01,Ativa,"XP INVESTIMENTOS CORRETORA DE CÂMBIO, TÍTULOS E VAL MOB S/A",0.9387187336175759,0.0,0.061281266382424225,82834.0,762342159.96,0.000835
HABT11,30.578.417/0001-05,HABITAT RECEBÍVEIS PULVERIZADOS FII RL,2026-08-01,Ativa,"XP INVESTIMENTOS CORRETORA DE CÂMBIO, TÍTULOS E VAL MOB S/A",0.8592805640310933,3.2020432259855074e-11,0.14071943593688632,54796.0,754659308.33,5.7e-05
CPOF11,48.916.699/0001-60,CAPITÂNIA OFFICE FII,2026-08-01,Ativa,BTG PACTUAL SERVICOS FINANCEIROS S.A. DISTRIBUIDOR,0.0,0.7392346866914489,0.2607653133085511,117.0,730633884.68,0.000757
CCME11,43.010.844/0001-26,CANUMA CAPITAL FII,2026-08-01,Ativa,BTG PACTUAL SERVICOS FINANCEIROS S.A. DISTRIBUIDOR,0.618316021808089,0.19411979116554737,0.1875641870263638,9295.0,712932433.89,0.00113
RCRB11,03.683.056/0001-86,FUNDO DE INV. IMOBILIÁRIO RIO BRAVO RENDA CORPORATIVA,2026-08-01,Ativa,RIO BRAVO INVESTIMENTOS - DTVM LTDA,0.0,0.9936913968706629,0.006308603129337077,23884.0,704441374.2,0.000404
RZDS11,50.750.438/0001-65,RIZA DOMUS FII,2026-08-01,Ativa,"XP INVESTIMENTOS CORRETORA DE CÂMBIO, TÍTULOS E VAL MOB S/A",0.5036795641006332,0.07601549974409263,0.4203049361552742,18640.0,697922429.68,0.001043
KNPL11,66.813.698/0001-72,KINEA PLATAFORMA RESIDENCIAL FII,2026-08-01,Ativa,INTRAG DISTRIBUIDORA DE TÍTULOS E VALORES MOBILIÁRIOS LTDA,1.0,0.0,0.0,6597.0,696214509.23,0.0
BTAL11,36.642.244/0001-15,BTGP AGRO LOG FII,2026-01-01,Ativa,BTG PACTUAL SERVICOS FINANCEIROS S/A DTVM,0.0,1.0,0.0,38037.0,693765025.57,0.000682
NVHO11,17.025.970/0001-44,FUNDO DE INVESTIMENTO IMOBILIARIO - FII NOVO HORIZONTE,2026-08-01,Ativa,BANCO GENIAL S.A.,0.0,1.0,0.0,1658.0,688845920.52,8.35173415218471e-05
FATN11,30.567.216/0001-02,BRC RENDA CORPORATIVA FII - RESPONSABILIDADE LIMITADA,2026-08-01,Ativa,BR-CAPITAL DIST. DE TÍTULOS E VALORES MOBILIÁRIOS S/A,0.0,0.9464952654770642,0.05350473452293585,31125.0,687410754.41,0.000362
JSAF11,42.085.661/0001-07,JS ATIVOS FINANCEIROS FUNDO DE INVESTIMENTO IMOBILIÁRIO,2026-08-01,Ativa,BANCO J SAFRA S.A,0.05187624809105858,0.0,0.9481237519089414,26218.0,685964056.33,0.000645
PQDP11,10.869.155/0001-12,PDPSC FII,2026-08-01,Definida,BTG PACTUAL SERVICOS FINANCEIROS S.A. DISTRIBUIDOR,0.0,1.0,0.0,2902.0,675530476.82,0.000203
GLDN11,17.282.011/0001-04,GOLDEN FII RL,2026-08-01,Ativa,BTG PACTUAL SERVICOS FINANCEIROS S.A. DISTRIBUIDOR,0.0,1.0,0.0,1.0,675498326.54,0.001017
CPUR11,34.691.520/0001-00,CAPITANIA HBC II FII,2026-08-01,Ativa,BTG PACTUAL SERVICOS FINANCEIROS S.A. DISTRIBUIDOR,0.0,0.9088360702646054,0.09116392973539462,1900.0,673736463.74,0.000873
HPDP11,35.586.415/0001-73,HEDGE SHOPPING PARQUE DOM PEDRO FII,2026-08-01,Definida,HEDGE INVESTMENTS DTVM LTDA,0.03592894725720293,0.964071052742797,0.0,564.0,663176770.26,0.000419
TRNT11,04.722.883/0001-02,TORRE NORTE FII,2026-08-01,Definida,BTG PACTUAL SERVICOS FINANCEIROS S.A. DISTRIBUIDOR,0.0,1.0,0.0,491.0,661718024.97,0.000145
FPNG11,17.161.979/0001-82,FII PEDRA NEGRA RENDA IMOBILIÁRIA - RESP. LIMITADA,2026-08-01,Ativa,BR-CAPITAL DIST. DE TÍTULOS E VALORES MOBILIÁRIOS S/A,0.0,0.9933775199270061,0.006622480072993957,137.0,660996453.94,5.1e-05
MFII11,16.915.968/0001-88,MÉRITO DESENVOLVIMENTO IMOBILIÁRIO FII,2026-08-01,Ativa,MÉRITO DISTRIBUIDORA DE TÍTULOS E VALORES MOBILIÁRIOS LTDA.,0.0,0.8412269092434831,0.15877309075651697,31165.0,660371179.56,0.000538
PRHO11,65.331.709/0001-15,BTG PRIME HOSP FII,2026-08-01,Ativa,BTG PACTUAL SERVICOS FINANCEIROS S.A. DISTRIBUIDOR,0.0,1.0,0.0,7620.0,649077833.69,0.000586
SHPH11,03.507.519/0001-59,SHOPPING PÁTIO HIGIENÓPOLIS FII DE RESPONSABILIDADE LIMITADA,2026-08-01,Definida,RIO BRAVO INVESTIMENTOS DTVM LTDA,0.0,1.0,0.0,2012.0,629749005.47,0.000156
RBRL11,35.705.463/0001-33,PÁTRIA LOGÍSTICA II FII,2026-08-01,Ativa,BRL TRUST DTVM S.A.,0.030588585256087618,0.0,0.9694114147439123,15495.0,624423916.65,0.0007624949450276
IVBP11,66.974.704/0001-73,INVISTA BP FII,2026-08-01,Ativa,BTG PACTUAL SERVICOS FINANCEIROS S.A. DISTRIBUIDOR,0.0,0.0,1.0,5.0,612259908.55,0.00015
KFOF11,30.091.444/0001-40,FUNDO DE FUNDOS DE INVESTIMENTO IMOBILIÁRIO KINEA FII,2026-08-01,Ativa,INTRAG DISTRIBUIDORA DE TÍTULOS E VALORES MOBILIÁRIOS LTDA,0.15878973959558362,0.0,0.8412102604044164,26424.0,610933843.89,0.000669
JKDF11,23.533.796/0001-43,FUNDO DE INVESTIMENTO IMOB JK D,2026-08-01,Ativa,VÓRTX DTVM LTDA,0.0,1.0,0.0,2.0,609679713.05,3.2e-05
HSAF11,67.149.599/0001-09,HSI RENDA LOGISTICA CDI CETIPADO FII RESP LIMITADA,2026-08-01,Ativa,BRL TRUST DTVM S.A.,0.0,0.0,1.0,3.0,608250399.83,2.46608962430478e-05
CPLG11,52.371.756/0001-40,CAPITANIA LOGISTICA FII,2026-08-01,Ativa,VÓRTX DTVM LTDA,0.0,0.611586321767912,0.38841367823208794,5601.0,605602953.31,8.6e-05
TJKB11,39.714.024/0001-48,TJK RENDA IMOBILIARIA FII - RESPONSABILIDADE LIMITADA,2026-08-01,Ativa,BR-CAPITAL DIST. DE TÍTULOS E VALORES MOBILIÁRIOS S/A,0.0,1.0,0.0,792.0,600451997.89,9.1e-05
BTHI11,18.308.516/0001-63,BTG HOTEIS FII,2026-08-01,Ativa,BTG PACTUAL SERVICOS FINANCEIROS S.A. DISTRIBUIDOR,0.0,1.0,0.0,1776.0,595876570.08,0.000554
TRBL11,16.671.412/0001-93,TELLUS RIO BRAVO RENDA LOGISTICA FII DE RESP LTDA,2026-08-01,Ativa,RIO BRAVO INVESTIMENTOS DTVM LTDA,0.0,1.0,0.0,40285.0,593181403.25,0.000452
BTDI11,60.027.987/0001-60,BTG CRD IMOB CDI FII,2026-08-01,Ativa,BTG PACTUAL SERVICOS FINANCEIROS S.A. DISTRIBUIDOR,0.9999994252414529,0.0,5.747585470314766e-07,8162.0,586039265.68,0.000933
ITRI11,52.270.671/0001-76,ITAÚ TOTAL RETURN FUNDO DE INVESTIMENTO IMOBILIÁRIO,2026-08-01,Ativa,INTRAG DISTRIBUIDORA DE TÍTULOS E VALORES MOBILIÁRIOS LTDA,0.1508225293622145,0.0,0.8491774706377855,17924.0,547406250.48,0.0009
BCRI11,22.219.335/0001-38,BANESTES RECEBIVEIS IMOBILIARIOS FII,2026-08-01,Definida,BRL TRUST DTVM S.A.,0.9792830426168834,0.0,0.02071695738311662,39771.0,528403360.8,0.000570892773171
IRBL11,21.500.500/0001-62,OMNI MALLS FII,2026-08-01,Ativa,XP INVESTIMENTOS CCTVM S.A.,0.0,1.0,0.0,1.0,523915544.65,6e-05
ABCP11,01.201.140/0001-90,GRAND PLAZA SHOPPING FII DE RESPONSABILIDADE LIMITADA,2026-08-01,Definida,RIO BRAVO INVESTIMENTOS DTVM LTDA,0.0,1.0,0.0,12973.0,521536501.14,0.000198
TMFI11,23.570.871/0001-46,TM FII RL,2026-08-01,Ativa,BTG PACTUAL SERVICOS FINANCEIROS S.A. DISTRIBUIDOR,0.0,1.0,0.0,2.0,506148053.62,8.3e-05
AFHI11,36.642.293/0001-58,AF INVEST CRI FII,2026-08-01,Ativa,BTG PACTUAL SERVICOS FINANCEIROS S.A. DISTRIBUIDOR,1.0,0.0,0.0,39265.0,505166737.99,0.000816
TEPP11,26.681.370/0001-25,FII TELLUS PROP,2026-08-01,Ativa,BTG PACTUAL SERVICOS FINANCEIROS S.A. DISTRIBUIDOR,0.0,0.9990871811809489,0.0009128188190510471,45664.0,505150178.41,0.000714
HLOG11,27.486.542/0001-72,HEDGE LOGÍSTICA FUNDO DE INVESTIMENTO IMOBILIÁRIO,2026-08-01,Ativa,HEDGE INVESTMENTS DTVM LTDA,0.02280547306235061,0.9097525097222002,0.0674420172154491,3978.0,503629163.01,0.00067
RINV11,44.625.612/0001-45,RINV FII,2026-08-01,Ativa,BTG PACTUAL SERVICOS FINANCEIROS S.A. DISTRIBUIDOR,0.13573426542471415,0.0,0.8642657345752859,4813.0,502565769.28,0.00089
SHPP11,59.090.726/0001-05,SHOP PT PAULISTA FII,2026-08-01,Ativa,BTG PACTUAL SERVICOS FINANCEIROS S.A. DISTRIBUIDOR,0.13436276556330512,0.8656372344366949,0.0,135.0,496222504.6,0.000208
BPCA11,38.294.086/0001-85,FII BTGP AAA CORP,2026-08-01,Ativa,BTG PACTUAL SERVICOS FINANCEIROS S.A. DISTRIBUIDOR,0.0,0.8535733836802514,0.14642661631974863,1.0,480978774.9,0.0001
INLG11,34.598.181/0001-11,INTER LOGÍSTICO FII,2026-08-01,Ativa,INTER DTVM LTDA.,0.0,1.0,0.0,14230.0,480615982.25,0.0003
FRLS11,16.685.929/0001-31,FUNDO DE INVESTIMENTO IMOBILIÁRIO MACAM SHOPPING,2026-08-01,Ativa,MASTER SA CCTVM,0.0,1.0,0.0,120.0,467958662.05,0.03452
ADSH11,63.375.304/0001-53,AD SHOPPING FII RESP LIMITADA,2026-08-01,Ativa,OLIVEIRA TRUST DTVM S.A.,0.0,0.9983877616659967,0.0016122383340033352,195.0,466328628.96,5.7e-05
PRPY11,09.276.964/0001-31,FII PLANNER 0418 - PROPERTY INVEST FII,2026-08-01,Definida,PLANNER CORRETORA DE VALORES S.A.,0.0,1.0,0.0,1.0,464285100.52,4.49371301741811e-05
KDLG11,59.436.431/0001-48,KINEA DESENVOLVIMENTO LOGÍSTICO II FII,2026-08-01,Ativa,INTRAG DISTRIBUIDORA DE TÍTULOS E VALORES MOBILIÁRIOS LTDA,0.0,1.0,0.0,7860.0,464185026.8,0.001042
TOPP11,56.805.391/0001-76,PATRIA TOP OFF FII,2026-08-01,Ativa,BTG PACTUAL SERVICOS FINANCEIROS S.A. DISTRIBUIDOR,0.0,1.0,0.0,4257.0,460702284.05,0.000551
HREC11,35.507.262/0001-21,HEDGE RECEBÍVEIS IMOBILIÁRIOS FUNDO DE INVESTIMENTO IMOB,2026-08-01,Ativa,HEDGE INVESTMENTS DTVM LTDA,1.0,0.0,0.0,2345.0,458408485.05,0.00067
KISU11,36.669.660/0001-07,KILIMA FIC FII,2026-08-01,Ativa,BTG PACTUAL SERVICOS FINANCEIROS S.A. DISTRIBUIDOR,0.09055396395240928,0.0,0.9094460360475908,98266.0,449848841.91,0.00048
CACR11,32.065.364/0001-46,CARTESIA RECEBÍVEIS IMOBILIÁRIOS FII RESP LIMITADA,2026-08-01,Ativa,BRL TRUST DTVM S.A.,1.0,0.0,0.0,23750.0,447803184.92,0.0001493949847899
FISP11,13.598.226/0001-88,FII ESTADO DE SÃO PAULO,2026-08-01,Ativa,VÓRTX DTVM LTDA,0.0,1.0,0.0,2.0,446121566.98,0.000111
JASC11,40.886.241/0001-02,JASC RENDA FII RL,2026-08-01,Ativa,BTG PACTUAL SERVICOS FINANCEIROS S.A. DISTRIBUIDOR,0.0,1.0,0.0,165.0,441100689.99,0.000467
JCDA11,31.772.231/0001-47,JACARANDA I FUNDO DE INVESTIMENTO IMOBILIARIO,2026-08-01,Ativa,BRL TRUST DTVM S.A.,0.0,1.0,0.0,104.0,440910197.07,0.0001954775157679
FCFL11,11.602.654/0001-01,CAMPUS FARIA LIM FII,2026-08-01,Ativa,BTG PACTUAL SERVICOS FINANCEIROS S.A. DISTRIBUIDOR,0.0,1.0,0.0,2779.0,436538174.37,0.000269
VRTM11,51.870.412/0001-13,FATOR VERITA MULTIESTRATÉGIA FII,2026-08-01,Ativa,BANCO FATOR S.A.,0.2747744085440269,0.5053179044875804,0.21990768696839272,11646.0,433861465.21,0.00092
ICDI11,64.542.109/0001-33,ITAÚ CRÉDITO IMOBILIÁRIO CDI FII,2026-08-01,Ativa,INTRAG DISTRIBUIDORA DE TÍTULOS E VALORES MOBILIÁRIOS LTDA,1.0,0.0,0.0,720.0,433014441.12,0.0003
RZAT11,28.267.696/0001-36,RIZA ARCTIUM FII RL,2026-08-01,Ativa,BTG PACTUAL SERVICOS FINANCEIROS S.A. DISTRIBUIDOR,0.0994456619985891,0.8439509884857294,0.05660334951568156,34274.0,430088334.12,0.000762
CLIN11,49.005.348/0001-60,CLAVE INDICES FII RL,2026-08-01,Ativa,BTG PACTUAL SERVICOS FINANCEIROS S.A. DISTRIBUIDOR,0.8730075785894432,0.0,0.1269924214105568,11038.0,429340262.58,0.000777
HTMX11,08.706.065/0001-69,HOTEL MAXINVEST FII,2026-08-01,Ativa,BTG PACTUAL SERVICOS FINANCEIROS S.A. DISTRIBUIDOR,0.0,1.0,0.0,33193.0,428841366.26,0.001211
FLFL11,50.808.042/0001-21,VBI TR FARIA LIMA 4440 FI IMOB,2026-08-01,Ativa,VÓRTX DTVM LTDA,0.0,1.0,0.0,1.0,424937383.59,8.3e-05
BVAR11,21.126.204/0001-43,FUNDO DE INVESTIMENTO IMOBILIÁRIO BRASIL VAREJO,2026-08-01,Definida,RIO BRAVO INVESTIMENTOS DTVM LTDA,0.0,0.8450701121829124,0.1549298878170875,127.0,424849860.65,0.000209
GRIV11,11.326.746/0001-06,TAG GR IV FUNDO DE INVESTIMENTO IMOB,2026-08-01,Definida,VÓRTX DTVM LTDA,0.021734212514738473,0.9782657874852616,0.0,1.0,424283933.13,5.8e-05
KLOG11,51.734.924/0001-52,KINEA DESENVOLVIMENTO LOGÍSTICO FII,2026-08-01,Ativa,INTRAG DISTRIBUIDORA DE TÍTULOS E VALORES MOBILIÁRIOS LTDA,0.07181022858736281,0.9281897714126371,0.0,8214.0,418629531.19,0.000665
TRXB11,36.368.925/0001-37,TRX REAL ESTATE II FUNDO DE INVESTIMENTO IMOBILIÁRIO - FII,2026-08-01,Definida,BRL TRUST DTVM S.A.,0.0,0.8577755869196704,0.1422244130803296,901.0,415690903.05,0.0001676855314575
FIIB11,14.217.108/0001-45,F.I.I. INDUSTRIAL DO BRASIL RESPONSABILIDADE LIMITADA,2026-08-01,Definida,COINVALORES C. C. V. M. LTDA.,0.0,1.0,0.0,13627.0,406640557.89,0.000171
TVMO11,67.903.762/0001-79,TIVIO MALLS OPPORTUNITTIES II,2026-08-01,Ativa,.BANCO DAYCOVAL S/A,,,,1.0,402368800.0,0.0
SNCI11,41.076.710/0001-82,SUNO CRI FII RL,2026-08-01,Ativa,BTG PACTUAL SERVICOS FINANCEIROS S.A. DISTRIBUIDOR,0.8231072173244173,0.0,0.1768927826755828,34345.0,400592582.14,0.000645
RLMI11,11.233.841/0001-65,REAL MINAS FUNDO DE INVESTIMENTO IMOBILIÁRIO - FII,2026-08-01,Ativa,OLIVEIRA TRUST DTVM S.A.,0.0,1.0,0.0,1.0,400519003.47,9.1e-05
JCSC11,67.091.763/0001-66,JHSF SCJ FII,2026-08-01,Ativa,BTG PACTUAL SERVICOS FINANCEIROS S.A. DISTRIBUIDOR,,,,1879.0,399366269.21,0.000961
RDLS11,53.724.231/0001-04,JGP DESENV I FII,2026-08-01,Definida,BTG PACTUAL SERVICOS FINANCEIROS S.A. DISTRIBUIDOR,0.0,1.0,0.0,32.0,394148307.45,0.001242
VGPR11,50.180.894/0001-17,VALORA PREMIUM - FII,2026-08-01,Definida,.BANCO DAYCOVAL S/A,0.22791545026619076,0.24999023315612853,0.5220943165776807,11250.0,394021678.26,0.000989
BTHR11,60.329.826/0001-20,BTG HOSP RET TOT FII,2026-08-01,Ativa,BTG PACTUAL SERVICOS FINANCEIROS S.A. DISTRIBUIDOR,0.0,1.0,0.0,24.0,389754252.72,0.001121
LIFE11,39.753.295/0001-02,FII LIFE CAPITAL PARTNERS,2026-08-01,Ativa,VÓRTX DTVM LTDA,0.3395082122746777,0.6557479813300148,0.00474380639530754,20830.0,389369981.63,0.000119
LASC11,30.248.158/0001-46,LEGATUS FII RL,2026-08-01,Definida,BTG PACTUAL SERVICOS FINANCEIROS S.A. DISTRIBUIDOR,0.0,0.9953291867545265,0.004670813245473473,577.0,387682484.72,0.000858
ICRI11,51.294.441/0001-84,ITAÚ CRÉDITO IMOBILIÁRIO IPCA FII,2026-08-01,Ativa,INTRAG DISTRIBUIDORA DE TÍTULOS E VALORES MOBILIÁRIOS LTDA,0.9545265619459709,0.0,0.04547343805402912,11169.0,385091643.93,0.0007
CXCO11,38.658.984/0001-75,FII CAIXA IMÓVEIS CORPORATIVOS,2026-08-01,Ativa,VÓRTX DTVM LTDA,0.026407226435734673,0.9735927735642653,0.0,11694.0,381386234.21,0.000125
VGRM11,63.946.968/0001-25,VALORA CRI II CDI FL MENSAL 26/03 FEEDER,2026-08-01,Definida,.BANCO DAYCOVAL S/A,0.0,0.0,1.0,2926.0,379595345.79,1.8e-05
EZTB11,18.312.285/0001-61,PRIME OFFICES I FII,2026-08-01,Ativa,BTG PACTUAL SERVICOS FINANCEIROS S.A. DISTRIBUIDOR,0.0,1.0,0.0,5.0,378351580.11,7.9e-05
MARE11,65.837.970/0001-91,MANATÍ RENDA CDI PLUS FII,2026-08-01,Ativa,.BANCO DAYCOVAL S/A,1.0,0.0,0.0,1.0,376193204.7,0.000798
NEWL11,32.527.626/0001-47,NEWPORT LOGISTICA FII,2026-08-01,Ativa,BANCO GENIAL S.A.,0.0,0.9500888559387255,0.04991114406127448,6925.0,370313927.6,0.0006158668173192
AIEC11,35.765.826/0001-26,ARCH EDIFICIOS CORPORATIVOS FII,2026-08-01,Ativa,MAF DTVM S.A.,0.0,1.0,0.0,10683.0,365452051.58,0.0006262445620719
AZPL11,51.890.054/0001-00,AZ QUEST PANORAMA LOGISTICA FII RESP LIM,2026-08-01,Definida,.BANCO DAYCOVAL S/A,0.20154898264689203,0.271982316873351,0.5264687004797569,5685.0,362031212.81,0.000917
QAGR11,32.754.734/0001-52,PATRIA AGRO FII RL,2026-08-01,Ativa,BTG PACTUAL SERVICOS FINANCEIROS S.A. DISTRIBUIDOR,0.1052155809377388,0.8947844190622611,0.0,13273.0,362016487.07,0.000838
BCIA11,20.216.935/0001-17,BRADESCO CARTEIRA IMOBILIÁRIA ATIVA FII,2026-08-01,Ativa,BEM DTVM LTDA,0.017936797874052186,0.0,0.9820632021259479,18963.0,358301388.4,0.000468
PORD11,17.156.502/0001-09,POLO CREDITO IMOBILIARIO - FUNDO DE INVESTIMENTO IMOBILIARIO,2026-08-01,Ativa,OLIVEIRA TRUST DTVM S.A.,0.8790577106074015,0.0,0.12094228939259864,49641.0,355871950.07,0.0
APXM11,43.010.485/0001-07,APEX MALLS FII,2026-08-01,Ativa,BTG PACTUAL SERVICOS FINANCEIROS S.A. DISTRIBUIDOR,0.0,1.0,0.0,728.0,354922785.61,0.000333
TIOM11,63.420.458/0001-10,TIVIO OPPORTUNITIES MASTER FII,2026-08-01,Definida,BEM DTVM LTDA,0.0,0.0,1.0,3.0,352968966.6,0.000103
AJFI11,51.472.985/0001-99,AJ MALLS FUNDO DE INVESTIMENTO IMOBILIÁRIO,2026-08-01,Ativa,"XP INVESTIMENTOS CORRETORA DE CÂMBIO, TÍTULOS E VAL MOB S/A",0.028794793919413145,0.9712052060805868,0.0,9153.0,351322828.48,0.000583
CYCR11,36.501.233/0001-15,CYRELA CRÉDITO - FUNDO DE INVESTIMENTO IMOBILIÁRIO,2026-08-01,Ativa,BANCO GENIAL S.A.,0.9381693463835533,0.04750069510416216,0.014329958512284522,16708.0,347437914.07,0.0006984896586476
MANA11,42.888.583/0001-89,MANATÍ CAPITAL HEDGE FUND FII,2026-08-01,Definida,.BANCO DAYCOVAL S/A,0.6829285072479502,0.02975401359628824,0.2873174791557614,37908.0,346980883.45,0.000774
BLOG11,49.592.781/0001-40,BLUECAP LOG FUNDO DE INVESTIMENTO IMOBILIARIO,2026-08-01,Ativa,"XP INVESTIMENTOS CORRETORA DE CÂMBIO, TÍTULOS E VAL MOB S/A",0.0,1.0,0.0,112.0,346922775.8,0.000158
FLMA11,04.141.645/0001-03,FII CONTINENTAL SQUARE FARIA LIMA - RESP. LIMITADA,2026-08-01,Ativa,BR-CAPITAL DIST. DE TÍTULOS E VALORES MOBILIÁRIOS S/A,0.0,1.0,0.0,10520.0,346189168.55,0.000107
SHPG11,17.568.605/0001-86,MAIS SHOPPING FII RL,2026-08-01,Ativa,BTG PACTUAL SERVICOS FINANCEIROS S.A. DISTRIBUIDOR,0.0,1.0,0.0,1.0,345110766.45,9.2e-05
XPIN11,28.516.325/0001-40,INVISTA INDUSTRIAL FII,2026-08-01,Ativa,VÓRTX DTVM LTDA,0.0,0.0,1.0,35837.0,345106177.76,0.000165
XPHF11,52.357.468/0001-31,XP HEDGE FUND FUNDO DE INVESTIMENTO IMOBILIÁRIO - FII,2026-08-01,Ativa,"XP INVESTIMENTOS CORRETORA DE CÂMBIO, TÍTULOS E VAL MOB S/A",0.7333820057831021,0.09951812916634137,0.16709986505055643,11608.0,344835736.72,0.000953
RPRI11,42.502.842/0001-91,RBR PREMIUM RECEBÍVEIS IMOB FUNDO INVESTIMENTO IMOBILIÁRIO,2026-08-01,Ativa,INTRAG DISTRIBUIDORA DE TÍTULOS E VALORES MOBILIÁRIOS LTDA,0.9116663706274418,0.0,0.08833362937255812,4488.0,343694491.43,0.001
VSLH11,36.244.015/0001-42,VERSALHES RECEBÍVEIS IMOBILIÁRIOS FII,2026-08-01,Ativa,VÓRTX DTVM LTDA,0.9631486432048186,0.0,0.036851356795181485,58978.0,343650994.22,0.002152
FAVM11,33.354.650/0001-94,AVM FII,2026-08-01,Ativa,INTER DTVM LTDA.,0.0,1.0,0.0,1.0,342243212.36,0.000167
VERE11,08.693.497/0001-82,FUNDO DE INVESTIMENTO IMOBILIÁRIO VEREDA,2026-08-01,Ativa,VÓRTX DTVM LTDA,0.0,0.8722673547461507,0.12773264525384934,108.0,341285750.03,0.000123
KCRE11,42.502.802/0001-40,KINEA CREDITAS FII RESPONSABILIDADE LIMITADA,2026-08-01,Ativa,INTRAG DISTRIBUIDORA DE TÍTULOS E VALORES MOBILIÁRIOS LTDA,1.0,0.0,0.0,16303.0,337635802.39,0.000908
SNFF11,40.011.225/0001-68,SUNO FOF FII RL,2026-08-01,Ativa,BTG PACTUAL SERVICOS FINANCEIROS S.A. DISTRIBUIDOR,0.02088169356774841,0.0,0.9791183064322516,24999.0,333723507.06,0.000561
TRRF11,13.320.290/0001-00,FII TERRA RL,2026-08-01,Ativa,BTG PACTUAL SERVICOS FINANCEIROS S.A. DISTRIBUIDOR,0.0,1.0,0.0,1.0,330405823.89,4.2e-05
PCIV11,17.655.102/0001-48,PESCARA FUNDO DE INVESTIMENTO IMOBILIÁRIO - FII,2026-08-01,Ativa,BRL TRUST DTVM S.A.,0.0,1.0,0.0,1.0,330036128.21,0.0003084129017997
NSLU11,08.014.513/0001-63,HNS LOURDES FII,2026-08-01,Definida,BTG PACTUAL SERVICOS FINANCEIROS S.A. DISTRIBUIDOR,0.0,1.0,0.0,5227.0,326678657.47,0.000251
XPSF11,30.983.020/0001-90,XP SELECTION FUNDO DE INVESTIMENTO IMOBILIÁRIO - FII,2026-08-01,Ativa,"XP INVESTIMENTOS CORRETORA DE CÂMBIO, TÍTULOS E VAL MOB S/A",0.1326741892760963,0.0,0.8673258107239037,52866.0,325805137.01,0.000659
UMED11,41.114.606/0001-35,F.I.I UNIMED INVESTCOOP NACIONAL RESPONS. LIMITADA,2026-08-01,Ativa,COINVALORES CCVM LTDA,0.0,1.0,0.0,17.0,324858717.44,0.001045
BPLC11,28.267.555/0001-13,BASILICA PARTNERS LED COPORATE FII,2026-08-01,Definida,.BANCO DAYCOVAL S/A,0.0,1.0,0.0,118.0,323796085.58,0.000569
ANGC11,14.413.342/0001-48,FII RENDA CORPORATIVA ANGICO,2026-08-01,Ativa,BRL TRUST DTVM S.A.,0.07192268887232992,0.92807731112767,0.0,4.0,316902239.95,0.0006632504712909
OUJP11,26.091.656/0001-50,OURINVEST JPP FUNDO DE INVESTIMENTO IMOBILIÁRIO RL,2026-08-01,Ativa,FINAXIS CORRETORA,0.9959880975768878,0.0,0.004011902423112108,22833.0,315811058.49,0.000623
TVOI11,63.009.499/0001-18,TIVIO OPPORTUNITIES IPCA FII,2026-08-01,Definida,BEM DTVM LTDA,0.0,0.0,1.0,1911.0,314214741.72,0.0
HDOF11,35.688.460/0001-39,HEDGE PALADIN DESIGN OFFICES FUNDO DE INVESTIMENTO IMOB,2026-08-01,Ativa,HEDGE INVESTMENTS DTVM LTDA,0.019044877369767187,0.9809551226302328,0.0,121.0,312909979.08,0.000709
ATRN11,12.401.858/0001-47,ATRIUM FII,2026-08-01,Definida,BTG PACTUAL SERVICOS FINANCEIROS S.A. DISTRIBUIDOR,0.0,1.0,0.0,1.0,310752233.99,0.000164
PMOV11,01.636.325/0001-28,PATEO MOINHOS FII RL,2026-08-01,Definida,BTG PACTUAL SERVICOS FINANCEIROS S.A. DISTRIBUIDOR,0.0,1.0,0.0,4.0,307956599.34,7.2e-05
SPMO11,40.225.262/0001-79,SUPREMO FUNDO DE INVESTIMENTO IMOBILIÁRIO,2026-08-01,Ativa,BR-CAPITAL DIST. DE TÍTULOS E VALORES MOBILIÁRIOS S/A,,,,15.0,306254296.05,7.7e-05
NMKS11,43.011.068/0001-89,NM KSM FII RL,2026-08-01,Ativa,BTG PACTUAL SERVICOS FINANCEIROS S.A. DISTRIBUIDOR,0.0,1.0,0.0,131.0,302419658.37,0.000781
BTYU11,54.645.216/0001-33,FII BTGP YOU,2026-08-01,Ativa,BTG PACTUAL SERVICOS FINANCEIROS S.A. DISTRIBUIDOR,0.029804315017560482,0.9701956849824395,0.0,1030.0,302176472.6,0.001085
VPPR11,30.654.849/0001-40,V2 PRIME PROPERTIES. FII,2026-08-01,Ativa,VÓRTX DTVM LTDA,0.0,0.9999999789827664,2.1017233651834112e-08,28606.0,301977031.73,0.000787
VGRI11,53.656.482/0001-07,VALORA RENDA IMOBILIARIA FII,2026-08-01,Definida,.BANCO DAYCOVAL S/A,0.05605722198483493,0.8089533795817183,0.13498939843344682,24994.0,299910536.46,0.000675
INOI11,61.272.325/0001-18,INTER OPORTUNIDADE COTA SUB,2026-08-01,Ativa,INTER DTVM LTDA.,0.0,1.0,0.0,355.0,299634783.41,0.000679
SAPI11,51.646.298/0001-42,SAM - SANTANDER PAPEIS IMOBILIARIOS FII RL,2026-08-01,Ativa,SANTANDER CACEIS BRASIL DTVM S.A.,0.9752066084347254,0.0,0.024793391565274582,13058.0,296891314.62,0.000736
TRXY11,43.985.938/0001-10,TRX HEDGE FII,2026-08-01,Ativa,BRL TRUST DTVM S.A.,0.0986630008166021,0.02458849862930422,0.8767485005540937,3996.0,296717699.91,0.0008428083328896
WHGR11,41.256.643/0001-88,WHG REAL ESTATE FII,2026-08-01,Definida,"XP INVESTIMENTOS CORRETORA DE CÂMBIO, TÍTULOS E VAL MOB S/A",0.7426857569197678,0.13552961994514792,0.12178462313508412,14927.0,294420321.58,0.000838
NELO11,30.495.165/0001-42,NE LOGISTIC FUNDO DE INVESTIMENTO IMOBILIÁRIO,2026-08-01,Ativa,"XP INVESTIMENTOS CORRETORA DE CÂMBIO, TÍTULOS E VAL MOB S/A",0.0,1.0,0.0,1.0,288059591.97,8e-05
XPHB11,50.385.179/0001-10,XP HABITAT FUNDO DE INVESTIMENTO IMOBILIÁRIO,2026-08-01,Ativa,"XP INVESTIMENTOS CORRETORA DE CÂMBIO, TÍTULOS E VAL MOB S/A",0.9367790606991133,0.0,0.06322093930088671,9308.0,285805126.63,0.001045
RBCA11,18.330.535/0001-96,FII PETROS,2026-08-01,Ativa,BTG PACTUAL SERVICOS FINANCEIROS S.A. DISTRIBUIDOR,0.0,1.0,0.0,5.0,280778103.24,0.00063
BETW11,51.666.294/0001-26,BRPR E-TOWER FII SUB,2026-08-01,Definida,BTG PACTUAL SERVICOS FINANCEIROS S.A. DISTRIBUIDOR,0.0,1.0,0.0,2.0,276208809.79,0.000125
BBFO11,37.180.091/0001-02,BB FUNDO DE FUNDOS - FUNDO DE INVESTIMENTO IMOBILIÁRIO,2026-08-01,Ativa,BB GESTAO DE RECURSOS DTVM S.A.,0.0,0.0,1.0,11223.0,273547188.15,0.000418
RDCI11,34.736.474/0001-18,RBR DESENVOLVIMENTO COMERCIAL I FII,2026-08-01,Ativa,BRL TRUST DTVM S.A.,0.0,1.0,0.0,118.0,272033540.58,0.0013018246545809
VPSI11,14.721.889/0001-00,FUNDO DE INVESTIMENTO IMOBILIARIO POLO SHOPPING INDAIATUBA,2026-08-01,Ativa,BRL TRUST DTVM S.A.,0.0,1.0,0.0,125.0,271257289.26,0.0001251046933801
CIXM11,48.389.780/0001-30,CIX MUIRAQUITAN FUNDO DE INVESTIMENTO IMOBILIÁRIO,2026-07-01,Ativa,ID CORRETORA DE TITULOS E VALORES MOBILIARIOS S.A.,0.0,0.0,1.0,108.0,268757708.91,0.0001
FPAB11,03.251.720/0001-18,FII PROJ AGUA BRANCA,2026-08-01,Definida,BTG PACTUAL SERVICOS FINANCEIROS S.A. DISTRIBUIDOR,0.0,1.0,0.0,646.0,268590937.73,0.000338
CJCT11,10.347.985/0001-80,CIDADE JARDIM CONTINENTAL TOWER FII,2026-08-01,Definida,HEDGE INVESTMENTS DTVM LTDA,0.03414586389579602,0.965854136104204,0.0,778.0,265526386.38,0.000565
GAME11,41.269.052/0001-45,FII GUARDIAN MULTIESTRATÉGIA,2026-08-01,Definida,.BANCO DAYCOVAL S/A,0.6068761852280824,0.0,0.39312381477191766,20272.0,264881440.74,0.000912
LGVT11,02.508.235/0001-14,LOGINVEST FII INDUSTRIAL DE RESPONSABILIDADE LIMITADA,2026-08-01,Definida,RIO BRAVO INVESTIMENTOS DTVM LTDA,0.0,1.0,0.0,6.0,262539699.1,0.000264
CDUP11,30.492.505/0001-81,FUNDO DE INVESTIMENTO IMOBILIARIO CCPAR,2026-08-01,Ativa,BR-CAPITAL DIST. DE TÍTULOS E VALORES MOBILIÁRIOS S/A,0.0,1.0,0.0,1.0,261185525.53,0.000106
PCAS11,24.514.406/0001-50,PRAIA DO CASTELO FUNDO DE INVESTIMENTO IMOBILIÁRIO,2026-08-01,Ativa,PLANNER CORRETORA DE VALORES S.A.,0.0,1.0,0.0,100.0,259856162.81,0.000935
FVPQ11,00.332.266/0001-31,VIA PARQUE SHOPPING FII RESP LTDA,2026-08-01,Definida,HEDGE INVESTMENTS DTVM LTDA,0.0,1.0,0.0,3308.0,257794964.86,0.000317
OBAL11,42.273.290/0001-97,OPPORTUNITY BALASSIANO FUNDO DE INVESTIMENTO IMOBILIÁRIO,2026-08-01,Ativa,BRL TRUST DTVM S.A.,0.0,1.0,0.0,108.0,255312682.17,9.76370613011762e-05
JCDB11,35.705.542/0001-44,JACARANDA 02 FUNDO DE INVESTIMENTO IMOBILIARIO FII,2026-08-01,Ativa,BRL TRUST DTVM S.A.,,,,60.0,250662121.09,0.000747452623417
VSHO11,23.740.595/0001-17,FUNDO DE INVESTIMENTO IMOBILIÁRIO VOTORANTIM SHOPPING,2026-08-01,Ativa,TIVIO CAPITAL DISTRIBUIDORA DE TÍTULOS E VALORES MOBILIÁRIOS,0.0,1.0,0.0,2781.0,250380637.05,9.1e-05
ALZC11,40.011.324/0001-40,ALIANZA CRÉDITO FII,2026-08-01,Ativa,BTG PACTUAL SERVICOS FINANCEIROS S.A. DISTRIBUIDOR,0.7913528894481001,0.0,0.20864711055189977,11146.0,249661167.9,0.000967
DAMT11,26.642.727/0001-66,DIAMANTE FII RL,2026-08-01,Definida,BTG PACTUAL SERVICOS FINANCEIROS S.A. DISTRIBUIDOR,0.0,1.0,0.0,558.0,248017785.12,0.000129
STRX11,11.044.355/0001-07,STARX FII RESPONSABILIDADE LIMITADA,2026-08-01,Definida,INTER DTVM LTDA.,0.0,1.0,0.0,111.0,247644364.13,0.000119
CARE11,13.584.584/0001-31,BRAZILIAN GRAVEYARD AND DEATH CARE SERVICES FUNDO DE INV.,2026-08-01,Ativa,MÉRITO DISTRIBUIDORA DE TÍTULOS E VALORES MOBILIÁRIOS LTDA.,0.0,1.0,0.0,6893.0,247525291.36,0.001445
QNTS11,27.368.617/0001-10,FUNDO DE INVESTIMENTO IMOB. QUINTAS,2026-08-01,Ativa,VÓRTX DTVM LTDA,0.0,1.0,0.0,135.0,245572170.32,0.000125
SPXT11,66.298.955/0001-85,SPX RENDA III FII,2026-08-01,Ativa,BTG PACTUAL SERVICOS FINANCEIROS S.A. DISTRIBUIDOR,1.0,0.0,0.0,1827.0,244731160.72,0.000772
KRES11,53.654.501/0001-58,KINEA AQUISIÇÕES RESIDENCIAIS FII RESPONSABILIDADE LIMITADA,2026-08-01,Ativa,INTRAG DISTRIBUIDORA DE TÍTULOS E VALORES MOBILIÁRIOS LTDA,0.0,1.0,0.0,131.0,244013314.66,0.001043
HGBL11,53.466.467/0001-98,HEDGE BRASIL LOGÍSTICO INDUSTRIAL FII DE RESP LIMITADA,2026-08-01,Ativa,HEDGE INVESTMENTS DTVM LTDA,0.10350149763391492,0.0,0.8964985023660851,4845.0,241509830.3,0.00053
VXXV11,30.982.974/0001-89,GENESIS MULTIESTRATÉGIA  FII,2026-08-01,Ativa,BRL TRUST DTVM S.A.,0.0,0.6364371384792357,0.3635628615207644,15.0,240177201.71,0.0005339839880175
GRUL11,54.483.412/0001-59,ICATU VAN GRU LOG FII,2026-08-01,Definida,.BANCO DAYCOVAL S/A,0.008759365472706946,0.991240634527293,0.0,5094.0,239327015.91,0.001075
XPGC11,51.385.048/0001-04,FII XP GRUPO CARNAÚBA,2026-08-01,Ativa,"XP INVESTIMENTOS CORRETORA DE CÂMBIO, TÍTULOS E VAL MOB S/A",0.0,1.0,0.0,416.0,231263010.63,0.001465
HOFC11,31.894.369/0001-19,HEDGE OFFICE INCOME FUNDO DE INVESTIMENTO IMOB,2026-08-01,Ativa,HEDGE INVESTMENTS DTVM LTDA,0.08381770608708212,0.5822546606495577,0.3339276332633602,3860.0,231249458.25,0.00036
ALMI11,07.122.725/0001-00,TORRE ALMIRANTE FII,2026-08-01,Definida,BTG PACTUAL SERVICOS FINANCEIROS S.A. DISTRIBUIDOR,0.0,1.0,0.0,1818.0,228557408.25,0.000473
RBFM11,17.329.029/0001-14,RIO BRAVO FUNDOS DE INVESTIMENTO IMOBILIÁRIO - FII,2026-08-01,Ativa,RIO BRAVO INVESTIMENTOS - DTVM LTDA,0.016701168254857342,0.0,0.9832988317451427,20565.0,227756456.7,0.00051
HAAA11,27.445.482/0001-40,HEDGE AAA FUNDO DE INVESTIMENTO IMOBILIÁRIO,2026-08-01,Ativa,HEDGE INVESTMENTS DTVM LTDA,0.01185255328342572,0.9762185652782225,0.011928881438351899,216.0,226155025.78,0.00025
RNGO11,15.006.286/0001-90,FUNDO DE INVESTIMENTO IMOBILIÁRIO RIO NEGRO,2026-08-01,Definida,RIO BRAVO INVESTIMENTOS DTVM LTDA,0.0,1.0,0.0,6316.0,225370089.97,0.000291
HBRH11,30.871.698/0001-81,V2 MULTI RENDA FII RESP LIMITADA,2026-08-01,Ativa,BRL TRUST DTVM S.A.,0.0,0.8236849176781086,0.17631508232189144,474.0,221313672.69,0.0005705322606835
LPLP11,37.262.752/0001-30,LAGO DA PEDRA - FUNDO DE INVESTIMENTO IMOBILIÁRIO,2026-08-01,Definida,OLIVEIRA TRUST DTVM S.A.,0.0,1.0,0.0,32.0,220015529.18,5.5e-05
RZZV11,51.786.271/0001-55,RAIZZ DESENV FII,2026-08-01,Ativa,BTG PACTUAL SERVICOS FINANCEIROS S.A. DISTRIBUIDOR,0.0,1.0,0.0,131.0,219594873.97,0.00015
CNES11,13.551.286/0001-45,CENESP FII,2026-08-01,Ativa,BTG PACTUAL SERVICOS FINANCEIROS S.A. DISTRIBUIDOR,0.0,1.0,0.0,72712.0,218074503.2,0.000442
CXAG11,40.189.596/0001-34,FUNDO DE INVESTIMENTO IMOBILIÁRIO CAIXA AGENCIAS,2026-08-01,Ativa,OLIVEIRA TRUST DTVM S.A.,0.0,1.0,0.0,11101.0,216439816.53,0.000485
TORD11,30.230.870/0001-18,TORDESILHAS EI FII,2026-08-01,Ativa,VÓRTX DTVM LTDA,0.4445251904113807,0.23206388594320423,0.3234109236454151,46674.0,212583174.34,0.001251
RBRK11,53.391.653/0001-05,PATRIA PRIME FII,2026-08-01,Ativa,BTG PACTUAL SERVICOS FINANCEIROS S.A. DISTRIBUIDOR,0.0,1.0,0.0,19.0,212304127.14,0.000857
BLMG11,34.081.637/0001-71,BLUEMACAW LOGÍSTICA FUNDO INVESTIMENTO,2026-08-01,Ativa,VÓRTX DTVM LTDA,0.0,0.7962559172679412,0.20374408273205893,12297.0,211783933.6,0.000553
CLSM11,63.811.693/0001-12,CITLOG SUL DE MINAS FII DE RESP LIMITADA,2026-08-01,Ativa,HEDGE INVESTMENTS DTVM LTDA,0.0,1.0,0.0,1.0,209418978.45,0.000168
HBCR11,36.501.159/0001-37,FII HBC RENDA URBANA,2026-08-01,Ativa,BTG PACTUAL SERVICOS FINANCEIROS S.A. DISTRIBUIDOR,0.0,0.9219123358279441,0.07808766417205595,73.0,209136201.9,0.000121
JSCR11,54.866.214/0001-74,JS RECEBÍVEIS FUNDO DE INVESTIMENTO IMOBILIÁRIO,2026-08-01,Ativa,BANCO J SAFRA S.A,0.909152825179566,0.0,0.09084717482043414,3365.0,208267765.9,0.000838
CYHF11,51.601.636/0001-20,CYRELA HEDGE - FII,2026-08-01,Definida,.BANCO DAYCOVAL S/A,0.887669176129869,0.10822673588467009,0.004104087985460974,4215.0,207009699.5,0.000733
CVFL11,60.619.575/0001-19,CATUAI VISTA FL FII RL,2026-08-01,Ativa,.BANCO DAYCOVAL S/A,0.0,1.0,0.0,137.0,206592649.02,0.000834
VCRR11,40.041.723/0001-53,PATRIA RENDA RESIDENCIAL FII RESPONSABILIDADE LIMITADA I,2026-08-01,Ativa,BRL TRUST DTVM S.A.,0.0,1.0,0.0,2495.0,206559957.19,0.0007258091647554
ZAGH11,45.188.066/0001-95,ZAGROS MULTIESTRATÉGIA FII RESPONSABILIDADE LIMITADA,2026-08-01,Ativa,QI CORRETORA DE TITULOS E VALORES MOBILIARIOS S.A,0.0,0.6747000844669155,0.3252999155330845,677.0,202549894.45,0.00019317
FIGS11,17.590.518/0001-25,GENERAL SHOPPING ATIVO E RENDA FUNDO DE INVEST IMOB,2026-08-01,Definida,HEDGE INVESTMENTS DTVM LTDA,0.03070192701209637,0.9692980729879036,0.0,10941.0,199838449.92,0.000285
VCRI11,41.081.374/0001-66,VINCI CREDIT SECURITIES FUNDO DE INVESTIMENTO IMOBILIARIO,2026-08-01,Ativa,BRL TRUST DTVM S.A.,0.9481653535092215,0.0,0.05183464649077841,12348.0,196332538.25,0.000794584389274
INCP11,12.969.125/0001-03,FII CAIXA INCORPORAÇÃO,2026-08-01,Ativa,CAIXA ECONOMICA FEDERAL,0.0,1.0,0.0,1.0,195466330.16,0.000545
PMEP11,10.427.246/0001-06,PRIME P FII,2026-08-01,Ativa,BTG PACTUAL SERVICOS FINANCEIROS S.A. DISTRIBUIDOR,0.0,0.9997149652527593,0.0002850347472407145,1.0,193991778.31,0.000265
EAGL11,54.422.883/0001-57,NEST EAGLE FII,2026-08-01,Definida,.BANCO DAYCOVAL S/A,0.0,1.0,0.0,13.0,192484585.34,0.016263
BLCA11,41.076.748/0001-55,CATUAÍ VBI FII RL,2026-08-01,Ativa,BTG PACTUAL SERVICOS FINANCEIROS S.A. DISTRIBUIDOR,0.0,1.0,0.0,500.0,192404158.87,0.001034
FISC11,12.804.013/0001-00,FII SC 401 - RESPONSABILIDADE LIMITADA,2026-08-01,Ativa,BR-CAPITAL DIST. DE TÍTULOS E VALORES MOBILIÁRIOS S/A,0.0,1.0,0.0,214.0,189008938.49,0.000259
SPXS11,43.010.543/0001-00,SPX REAL ESTATE FII,2026-08-01,Ativa,BTG PACTUAL SERVICOS FINANCEIROS S.A. DISTRIBUIDOR,0.753528222700076,0.0,0.246471777299924,20012.0,188847342.62,0.000567
RBHG11,30.647.758/0001-87,RIO BRAVO CRÉDITO IMOBILIÁRIO HIGH GRADE FII,2026-08-01,Ativa,BRL TRUST DTVM S.A.,0.9661691257952658,0.0,0.03383087420473423,6857.0,187670358.19,0.0006761928800259
SOFF11,57.811.221/0001-67,FUNDO DE INVESTIMENTOS IMOBILIARIO SOFIA,2026-08-01,Ativa,SEFER INVESTIMENTOS DTVM LTDA,0.0,1.0,0.0,309.0,187571697.0,0.00016
KIVO11,42.273.325/0001-98,KILIMA VOLKANO RECEBIVEIS IMOBILIARIOS FII,2026-08-01,Ativa,BRL TRUST DTVM S.A.,0.7522117792942454,0.0,0.24778822070575462,7134.0,186926329.57,0.0005885709105458
VVCR11,23.120.027/0001-13,V2 RECEBÍVEIS FII RL,2026-08-01,Ativa,BTG PACTUAL SERVICOS FINANCEIROS S.A. DISTRIBUIDOR,0.7389319025873905,0.0,0.26106809741260956,2738.0,186787114.13,0.001
HUSC11,08.696.175/0001-97,RB CAPITAL RENDA I FUNDO DE INVESTIMENTO IMOBILIÁRIO - FII,2026-08-01,Ativa,OLIVEIRA TRUST DIST. DE TÍTULOS E VALORES MOBILIÁRIOS S/A,0.0,1.0,0.0,5809.0,185537587.95,0.000142
MIDW11,63.992.956/0001-37,MIDWAY MALL FUNDO DE INVESTIMENTO IMOBILIÁRIO RL,2026-08-01,Ativa,OLIVEIRA TRUST DTVM S.A.,0.0,0.9362776843507341,0.0637223156492659,103.0,184085227.76,5e-05
SHIP11,57.682.963/0001-30,RBR FLAGSHIP I FII,2026-08-01,Ativa,BTG PACTUAL SERVICOS FINANCEIROS S.A. DISTRIBUIDOR,0.7242187397687949,0.275781260231205,0.0,113.0,181737771.96,0.000191
RBHY11,37.899.479/0001-50,RIO BRAVO CRÉDITO IMOB HIGH YIELD FUNDO DE INV. IMOB. - FII,2026-08-01,Ativa,BRL TRUST DTVM S.A.,0.940564364388585,0.0,0.059435635611414954,3409.0,176555419.35,0.0007939302034231
ARRI11,32.006.821/0001-21,OPEN K ATIVOS E RECEBIVEIS IMOBILIARIOS,2026-08-01,Ativa,OLIVEIRA TRUST DTVM S.A.,0.8500516242347682,0.0,0.14994837576523182,22659.0,176059266.63,0.000109
KFEN11,55.753.193/0001-43,KINEA FÊNIX FII RESPONSABILIDADE LIMITADA,2026-08-01,Ativa,INTRAG DISTRIBUIDORA DE TÍTULOS E VALORES MOBILIÁRIOS LTDA,1.0,0.0,0.0,129.0,167409576.79,0.00056
CDHY11,60.871.972/0001-83,CENTRAL RE HY FII,2026-08-01,Ativa,BTG PACTUAL SERVICOS FINANCEIROS S.A. DISTRIBUIDOR,0.9660597323891924,0.033940267610807553,0.0,346.0,166942814.33,0.000113
VTPL11,15.098.422/0001-19,PLUS FII,2026-08-01,Ativa,BTG PACTUAL SERVICOS FINANCEIROS S.A. DISTRIBUIDOR,0.0,1.0,0.0,125.0,166929282.32,0.00025
EGDB11,53.866.393/0001-87,FII DE DESENVO DE ESCRITÓRIOS BOUTIQUE RESPONSABILIDADE LTDA,2026-08-01,Ativa,BRL TRUST DTVM S.A.,0.0,1.0,0.0,2843.0,166072394.36,0.0008445467444514
VDCD11,60.079.651/0001-40,VERDE A&I CEDRO PORTFOLIO RENDA FII,2026-08-01,Ativa,"XP INVESTIMENTOS CORRETORA DE CÂMBIO, TÍTULOS E VAL MOB S/A",1.0,0.0,0.0,4202.0,166067052.29,0.001036
BTML11,36.501.210/0001-00,BARRA MALLS FUNDO DE INVESTIMENTO IMOBILIARIO,2026-08-01,Ativa,RJI CTVM LTDA,0.0,1.0,0.0,1.0,165795786.92,8.0333645669939e-05
RECM11,56.430.935/0001-62,REC MULTIESTRATÉGIA - FII RESPONSABILIDADE LTDA,2026-08-01,Ativa,BRL TRUST DTVM S.A.,0.3350469939285562,0.0036176258999564516,0.6613353801714874,1332.0,165516444.39,0.0008251365023175
BBRC11,12.681.340/0001-04,BB RENDA CORPORATIVA FUNDO DE INVESTIMENTO IMOBILIÁRIO - FII,2026-08-01,Definida,BEM DTVM LTDA,0.0,1.0,0.0,8428.0,165427721.84,9.2e-05
ASMT11,38.293.921/0001-62,DAYCOVAL RE MULTIESTRATÉGIA FII RL,2026-08-01,Definida,.BANCO DAYCOVAL S/A,0.0,0.6556146892351206,0.34438531076487944,981.0,165222696.11,0.001016
ZAVI11,40.575.940/0001-23,FII ZAVIT REAL ESTATE FUND,2026-08-01,Ativa,VÓRTX DTVM LTDA,0.0,1.0,0.0,2519.0,165039415.53,0.000119
MIST11,01.497.954/0001-14,FUNDO DE INVESTIMENTO IMOBILIÁRIO MISTRAL,2026-08-01,Definida,CORRETORA GERAL DE VALORES E CÂMBIO LTDA,0.0,1.0,0.0,5.0,163808953.82,0.000139
FLRP11,10.375.382/0001-91,HEDGE FLORIPA SHOPPING FII,2026-08-01,Definida,HEDGE INVESTMENTS DTVM LTDA,0.0,1.0,0.0,1828.0,162631205.72,0.000481
FMOB11,34.691.925/0001-48,IMMOB III FUNDO DE INVESTIMENTO IMOBILIARIO - FII,2026-08-01,Ativa,BEM DTVM LTDA,0.0,1.0,0.0,1.0,162576187.72,0.00049
GRRO11,30.871.716/0001-25,GREEN FII ROCK,2026-08-01,Ativa,BTG PACTUAL SERVICOS FINANCEIROS S.A. DISTRIBUIDOR,0.0,1.0,0.0,2.0,162207135.84,0.000172
EURO11,05.437.916/0001-27,F.I.I EUROPAR RESPONSABILIDADE LIMITADA,2026-08-01,Definida,COINVALORES CCVM LTDA,0.0,1.0,0.0,1888.0,162197215.23,0.000395
SEQR11,09.517.273/0001-82,SEQUÓIA III RENDA IMOBILIÁRIA FII,2026-08-01,Ativa,VÓRTX DTVM LTDA,0.0,1.0,0.0,3895.0,162092274.03,0.0002
EDGA11,15.333.306/0001-37,GALERIA FII,2026-08-01,Definida,BTG PACTUAL SERVICOS FINANCEIROS S.A. DISTRIBUIDOR,0.0,1.0,0.0,3458.0,162008411.13,0.000258
GLPF11,58.378.463/0001-71,FII GALAPAGOS FEEDER LOGIST RESP LTDA,2026-08-01,Ativa,VÓRTX DTVM LTDA,0.009808039552086673,0.0,0.9901919604479134,2494.0,159141727.86,0.000152
CXCI11,42.066.916/0001-94,FUNDO DE INVESTIMENTO IMOBILIÁRIO CAIXA CARTEIRA IMOBILIÁRIA,2026-08-01,Definida,CAIXA ECONÔMICA FEDERAL,0.0,0.0,1.0,5343.0,158757649.02,0.0006
AROA11,44.674.528/0001-11,FII AROEIRA 333 RENDA LOGISTICA,2026-08-01,Ativa,VÓRTX DTVM LTDA,0.0,1.0,0.0,6668.0,158491122.2,0.000151
JPPD11,11.268.335/0001-01,JPP FII,2026-08-01,Ativa,BEM DTVM LTDA,0.0,1.0,0.0,1.0,158478540.43,7.9e-05
JFLL11,36.501.181/0001-87,JFL LIVING FII,2026-08-01,Ativa,VÓRTX DTVM LTDA,0.0,1.0,0.0,1931.0,156146037.57,0.000306
SPVJ11,27.538.422/0001-71,FUNDO IMOBILIÁRIO SUCCESPAR,2026-08-01,Ativa,VÓRTX DTVM LTDA,0.03839312288591673,0.9597585681531867,0.0018483089608965122,22.0,155217172.43,0.000209
BRIX11,35.360.651/0001-77,BE IN RIO FII RESP LTDA,2026-08-01,Ativa,BRL TRUST DTVM S.A.,0.0,1.0,0.0,103.0,155047967.57,9.07799710024925e-05
FAED11,11.179.118/0001-45,ANHANGUERA FII,2026-08-01,Definida,BTG PACTUAL SERVICOS FINANCEIROS S.A. DISTRIBUIDOR,0.0,1.0,0.0,3827.0,154922625.14,0.000374
BGRJ11,63.941.672/0001-11,BGR CIDADE JARDIM FUNDO DE INVESTIMENTO IMOBILIÁRIO - RL,2026-08-01,Ativa,"XP INVESTIMENTOS CORRETORA DE CÂMBIO, TÍTULOS E VAL MOB S/A",0.0,1.0,0.0,88.0,153347873.91,0.001096
HUSI11,30.017.492/0001-99,HUSI FUNDO DE INVESTIMENTO IMOBILIÁRIO,2026-08-01,Definida,TRUSTEE DISTRIBUIDORA DE TITULOS E VALORES MOBILIARIOS LTDA.,0.0,1.0,0.0,105.0,153282600.7,0.000159
NCHB11,18.085.673/0001-57,FYTO RECEB FII,2026-08-01,Ativa,BTG PACTUAL SERVICOS FINANCEIROS S.A. DISTRIBUIDOR,1.0,0.0,0.0,9907.0,152856395.07,0.000915
VVRI11,49.184.940/0001-77,V2 RENDA IMOB FII RL,2026-08-01,Ativa,BTG PACTUAL SERVICOS FINANCEIROS S.A. DISTRIBUIDOR,0.0,0.5610779065275957,0.4389220934724043,331.0,151260904.37,0.001023
AZPR11,51.665.327/0001-13,AZ PANORAMA CRÉDITO IMOBILIÁRIO FII,2026-08-01,Ativa,"XP INVESTIMENTOS CORRETORA DE CÂMBIO, TÍTULOS E VAL MOB S/A",0.49744146803654954,0.4176839566048616,0.08487457535858897,4824.0,146824108.91,0.001001
CYLD11,43.010.601/0001-98,CYRELA LOG FII RL,2026-08-01,Ativa,BTG PACTUAL SERVICOS FINANCEIROS S.A. DISTRIBUIDOR,0.0,0.0,1.0,123.0,146484185.08,0.000707
RZZI11,54.134.474/0001-55,RAIZZ DESENV II FII,2026-08-01,Definida,BTG PACTUAL SERVICOS FINANCEIROS S.A. DISTRIBUIDOR,0.0,1.0,0.0,116.0,145680236.17,0.000192
HUCG11,39.347.413/0001-82,F.I.I HOSPITAL UNIMED CAMPINA GRANDE RESPONS.LIMITADA,2026-08-01,Definida,COINVALORES CCVM LTDA,0.0,1.0,0.0,249.0,142464365.72,0.000607
SEED11,35.689.497/0001-81,HEDGE SEED FUNDO DE INVESTIMENTO IMOBILIÁRIO,2026-08-01,Ativa,HEDGE INVESTMENTS DTVM LTDA,0.06994213760129041,0.0,0.9300578623987095,131.0,141759525.8,0.000169
TSER11,34.847.042/0001-84,PRIME OFFICES FUNDO DE INVESTIMENTO IMOBILIÁRIO - RESP LTDA,2026-08-01,Ativa,BRL TRUST DTVM S.A.,0.0,1.0,0.0,1.0,140460297.36,0.0002457022421898
JPRD11,53.072.782/0001-30,JPR DS FII DE RESPONSABILIDADE LIMITADA,2026-08-01,Ativa,HEDGE INVESTMENTS DTVM LTDA,0.0,1.0,0.0,112.0,138997068.77,0.00019
PMIS11,51.868.778/0001-58,PARAMIS HEDGE FUND FUNDO DE INVESTIMENTO IMOBILIÁRIO - FII,2026-08-01,Ativa,"XP INVESTIMENTOS CORRETORA DE CÂMBIO, TÍTULOS E VAL MOB S/A",0.857344316832014,0.025759942030328505,0.11689574113765752,6285.0,138007492.0,0.000771
HJCT11,62.082.124/0001-10,HEDGE JHSF CAPITAL PRIME OFFICES FII RESP LTDA,2026-08-01,Ativa,HEDGE INVESTMENTS DTVM LTDA,0.0,1.0,0.0,154.0,135742900.3,0.000999
EXES11,41.076.851/0001-03,EXES CRI FII RL,2026-08-01,Definida,BTG PACTUAL SERVICOS FINANCEIROS S.A. DISTRIBUIDOR,0.7687380410171847,0.0,0.23126195898281535,2545.0,135702034.86,0.00088
INRD11,34.835.191/0001-23,INTER RESIDENCE FII,2026-08-01,Ativa,INTER DTVM LTDA.,0.0,1.0,0.0,5550.0,134468372.26,0.00034
GCRI11,38.293.897/0001-61,GALAPAGOS CRI FII,2026-08-01,Ativa,BTG PACTUAL SERVICOS FINANCEIROS S.A. DISTRIBUIDOR,0.6825195365461206,0.11218584773389617,0.20529461571998328,3908.0,133901820.83,0.000878
RBRD11,09.006.914/0001-34,RB CAPITAL RENDA II - FII,2026-08-01,Ativa,.BANCO DAYCOVAL S/A,0.0,1.0,0.0,7279.0,133032583.9,9.4e-05
SPDE11,43.741.150/0001-69,WHG FINVEST SP REALTY FII,2026-08-01,Ativa,"XP INVESTIMENTOS CORRETORA DE CÂMBIO, TÍTULOS E VAL MOB S/A",0.0,1.0,0.0,120.0,131159277.94,0.001299
ATSA11,12.809.972/0001-00,HEDGE ATRIUM SHOPPING SANTO ANDRÉ FUNDO DE INVEST IMOB,2026-08-01,Definida,HEDGE INVESTMENTS DTVM LTDA,0.0,1.0,0.0,297.0,129574911.3,0.000323
ILOG11,63.186.685/0001-22,ITAU RBR DESENVOLVIMENTO LOGÍSTICO FII RESP LTDA,2026-08-01,Ativa,INTRAG DISTRIBUIDORA DE TÍTULOS E VALORES MOBILIÁRIOS LTDA,0.0,1.0,0.0,361.0,129459779.2,0.0
NVIF11,22.003.469/0001-17,NOVA I FII,2026-08-01,Ativa,MAF DISTRIBUIDORA DE TITULOS E VALORES MOBILIARIOS S.A.,0.0,1.0,0.0,7.0,128826771.2,0.0003145104827404
FZDA11,59.680.687/0001-04,TANE FZMG FIAGRO,2026-03-01,Ativa,"XP INVESTIMENTOS CORRETORA DE CÂMBIO, TÍTULOS E VAL MOB S/A",0.0,1.0,0.0,24.0,128679118.7,0.000112
CXRI11,17.098.794/0001-70,CAIXA RIO BRAVO FUNDO DE FUNDOS DE INVESTIMENTO IMOBILIARIO,2026-08-01,Ativa,CAIXA ECÔNOMICA FEDERAL,0.0,0.0,1.0,1697.0,127263324.61,0.000997
AZPE11,55.985.307/0001-80,FII AZ QUEST PANORAMA CREDITO,2026-08-01,Definida,.BANCO DAYCOVAL S/A,0.5436454310770746,0.24201786684278778,0.21433670208013758,1.0,126167394.93,0.000869
CEOC11,15.799.397/0001-09,CEO CYRELA FII,2026-08-01,Definida,BTG PACTUAL SERVICOS FINANCEIROS S.A. DISTRIBUIDOR,0.0,1.0,0.0,3524.0,123295054.67,0.000541
BRIP11,34.895.752/0001-80,BRIO REAL ESTATE III FUNDO DE INVESTIMENTO IMOBILIÁRIO,2026-08-01,Ativa,BRL TRUST DTVM S.A.,,,,384.0,123174120.22,0.0016121130773683
AUGM11,55.296.764/0001-68,AUGME CRÉDITO ESTRUTURADO FUNDO DE INVESTIMENTO IMOBILIÁRIO,2026-08-01,Ativa,"XP INVESTIMENTOS CORRETORA DE CÂMBIO, TÍTULOS E VAL MOB S/A",1.0,0.0,0.0,3287.0,122856568.86,0.000122
HERM11,00.868.235/0001-08,HERMES FII DE RESPONSABILIDADE LIMITADA,2026-08-01,Definida,RIO BRAVO INVESTIMENTOS DTVM LTDA,0.0,1.0,0.0,5.0,122668588.57,0.000591
XTED11,15.006.267/0001-63,V2 ED CORP FII RL,2026-08-01,Ativa,BTG PACTUAL SERVICOS FINANCEIROS S.A. DISTRIBUIDOR,0.0,0.3134060053607605,0.6865939946392394,2441.0,121964799.89,0.00126
BTSG11,36.098.375/0001-83,BTSP I FUNDO DE INVESTIMENTO IMOBILIÁRIO,2026-08-01,Ativa,INTER DTVM LTDA.,0.0,1.0,0.0,106.0,121018512.58,0.000435
BIPD11,42.869.892/0001-01,BRIO REAL ESTATE IV - FII,2026-08-01,Ativa,BRL TRUST DTVM S.A.,0.0,1.0,0.0,112.0,120661448.69,0.0016684480601357
MGRI11,41.320.997/0001-44,MOGNO PROPERTIES FII - RESPONSABILIDADE LIMITADA,2026-08-01,Ativa,QI CORRETORA DE TITULOS E VALORES MOBILIARIOS S.A,0.0,1.0,0.0,2.0,120420456.27,0.00013492
RBIR11,31.161.410/0001-48,RB CAPITAL DESENVOLVIMENTO RESIDENCIAL IV FII,2026-08-01,Ativa,OLIVEIRA TRUST DTVM S.A.,0.0,1.0,0.0,,119836305.08,0.000172
PATC11,30.048.651/0001-12,PATRIA EDIFICIOS CORPORATIVOS FII,2026-08-01,Ativa,MAF DTVM,0.0,1.0,0.0,4056.0,119150941.75,0.0018831889761374
WTSP11,28.693.595/0001-27,FII OURINVEST RE I - RESPONSABILIDADE LIMITADA,2026-08-01,Ativa,OURIBANK S.A. BANCO MULTIPLO,0.0,1.0,0.0,238.0,119029724.7,0.000657
FAMB11,05.562.312/0001-02,FII EDIFÍCIO ALMIRANTE BARROSO RL,2026-08-01,Definida,ACTUAL DISTRIBUIDORA DE TITULOS E VALORES MOBILIARIOS S.A.,0.0,1.0,0.0,1862.0,118318973.22,0.0003
CENU11,37.899.356/0001-19,FII CENU,2026-08-01,Ativa,BTG PACTUAL SERVICOS FINANCEIROS S.A. DISTRIBUIDOR,0.0,1.0,0.0,27.0,114519705.38,0.000673
AQLL11,13.555.918/0001-49,AQUILLA FUNDO DE INVESTIMENTO IMOBILIÁRIO,2026-08-01,Ativa,RJI CTVM LTDA,0.0,0.9775142079917494,0.022485792008250675,83.0,111550206.89,0.000224114331089
HILG11,34.867.728/0001-37,HIRE LOG I  FII RESP LIMITADA,2026-08-01,Definida,VÓRTX DTVM LTDA,0.23552680240555995,0.76447319759444,0.0,54.0,111418139.38,0.000155
MVFI11,23.537.203/0001-17,FII MV9,2026-08-01,Ativa,BTG PACTUAL SERVICOS FINANCEIROS S.A. DISTRIBUIDOR,0.0,1.0,0.0,1.0,110930329.03,0.000286
BMLC11,14.376.247/0001-11,BM BRASCAN LAJES FII,2026-08-01,Ativa,BTG PACTUAL SERVICOS FINANCEIROS S.A. DISTRIBUIDOR,0.0,1.0,0.0,1170.0,109882679.49,0.00057
RSPD11,19.249.989/0001-08,RB CAPITAL DESENVOLVIMENTO RESIDENCIAL III FII - FII,2026-08-01,Ativa,OLIVEIRA TRUST DTVM S.A.,0.0,1.0,0.0,192.0,109391335.35,0.0
CXCE11,10.991.914/0001-15,FUNDO DE INVESTIMENTO IMOBILIARIO CAIXA CEDAE,2026-08-01,Definida,CAIXA ECONOMICA FEDERAL,0.0,1.0,0.0,2764.0,108222152.35,0.000515
BRHT11,15.461.076/0001-91,FUNDO DE INVESTIMENTO IMOBILIÁRIO BR HOTÉIS,2026-08-01,Ativa,RJI CTVM LTDA,0.0,1.0,0.0,11.0,107678391.85,0.0002321728581796
IDGO11,49.112.611/0001-10,ID GOIANA FUNDO DE INVESTIMENTO FIAGRO IMOBILIARIO,2026-02-01,Ativa,ID CORRETORA DE TITULOS E VALORES MOBILIARIOS S.A.,0.0,1.0,0.0,2.0,106753891.84,0.0001
BICE11,39.332.032/0001-20,BRIO CRÉDITO ESTRUTURADO - FUNDO DE INVESTIMENTO IMOBILIÁRIO,2026-08-01,Ativa,BRL TRUST DTVM S.A.,0.43055677397897907,0.0,0.5694432260210209,120.0,106165299.07,0.000485520037635
JPAU11,55.302.190/0001-93,JARDIM PAULISTANO FII,2026-08-01,Ativa,VÓRTX DTVM LTDA,0.0,1.0,0.0,4.0,105802482.6,0.000129
MAXR11,11.274.415/0001-70,MAX RETAIL FII,2026-08-01,Definida,BTG PACTUAL SERVICOS FINANCEIROS S.A. DISTRIBUIDOR,0.0,1.0,0.0,3384.0,105378371.93,0.000678
EQIR11,41.076.380/0001-25,EQI CRI FII RL,2026-08-01,Ativa,BTG PACTUAL SERVICOS FINANCEIROS S.A. DISTRIBUIDOR,0.9664230174482767,0.0,0.03357698255172325,9194.0,104844893.95,0.000899
VNSS11,63.952.812/0001-57,VENUS 11 FUNDO DE INVESTIMENTO EM COTAS,2026-08-01,Ativa,INTER DTVM LTDA.,0.0,0.0,1.0,3.0,104351011.56,0.001417
BTWR11,20.132.453/0001-89,BTOWERS FUNDO INVESTIMENTO IMOBILIARIO,2026-08-01,Definida,VÓRTX DTVM LTDA,0.0,0.9914755483540589,0.008524451645941093,122.0,102599028.6,0.000127
SMRE11,53.730.029/0001-95,FII SMART REAL ESTATE - FII RL,2026-08-01,Ativa,PLANNER CORRETORA DE VALORES S.A.,0.0,1.0,0.0,1233.0,102400238.79,0.00092
DVLP11,42.537.601/0001-88,FII SPECIALE REAL ESTATE DEV,2026-08-01,Definida,.BANCO DAYCOVAL S/A,0.0186869076696244,0.7322056255669563,0.24910746676341927,306.0,102295310.19,0.003288
DUTR11,19.267.845/0001-76,VGS FUNDO DE INVESTIMENTO IMOBILIÁRIO - FII,2026-08-01,Ativa,BRL TRUST DTVM S.A.,0.0,1.0,0.0,1.0,102178701.15,0.0001697603297436
CBOP11,17.144.039/0001-85,CASTELLO BRANCO OFFICE PARK  - FII,2026-08-01,Definida,BANCO GENIAL S.A.,0.0,1.0,0.0,1935.0,101799846.68,0.000746
BIPE11,51.817.522/0001-11,BRIO REAL ESTATE V - FII,2026-08-01,Ativa,BRL TRUST DTVM S.A.,0.0,0.6362916813378455,0.36370831866215453,103.0,101143579.14,0.0017168538178744
EGYR11,36.969.658/0001-53,ENERGY RESORT FUNDO DE INVESTIMENTO IMOBILIÁRIO,2026-08-01,Ativa,QORE DISTRIBUIDORA DE TÍTULOS E VALORES MOBILIÁRIOS LTDA.,0.0,1.0,0.0,88.0,100778168.83,3e-06
BRSS11,15.348.117/0001-38,CARTEIRA: FII PLANNER 2472 - SUCESS FII,2026-09-01,Ativa,PLANNER CORRETORA DE VALORES S.A.,0.0,1.0,0.0,3.0,100451986.67,0.0005375702541095
BRDF11,18.289.950/0001-43,BIRD FII - FII,2026-08-01,Definida,BEM DTVM LTDA,0.0,1.0,0.0,1.0,99479450.87,5.4e-05
BLMO11,34.895.894/0001-47,VBI OFFICE FUND II FII,2026-08-01,Ativa,BRL TRUST DTVM S.A.,0.0,1.0,0.0,267.0,98267392.46,0.0008314951476224
CTXT11,00.762.723/0001-28,FUNDO DE INV. IMOBILIARIO CENTRO TEXTIL INTERNACIONAL,2026-08-01,Definida,RIO BRAVO INVESTIMENTOS - DTVM LTDA,0.0,1.0,0.0,2232.0,97439960.56,0.000536
VIUR11,36.445.587/0001-90,VINCI IMÓVEIS URBANOS FII - RESP LTDA,2026-08-01,Definida,.BANCO DAYCOVAL S/A,0.0,0.9999835822789922,1.6417721007897364e-05,33872.0,97110568.31,0.000685
ARTE11,53.193.237/0001-00,ARTEMIS FII,2026-08-01,Ativa,BTG PACTUAL SERVICOS FINANCEIROS S.A. DISTRIBUIDOR,1.0,0.0,0.0,1271.0,97098116.85,0.000964
HCHG11,34.508.959/0001-54,FII HECTARE RECEBÍVEIS HIGH GRADE,2026-07-01,Ativa,VÓRTX DTVM LTDA,0.0,0.0,1.0,519.0,96334105.53,0.000189
MCEM11,46.157.247/0001-17,MERITO CEMITERIOS FII RESPONSABILIDADE LIMITADA,2026-08-01,Ativa,MÉRITO DISTRIBUIDORA DE TÍTULOS E VALORES MOBILIÁRIOS LTDA.,0.0,0.9895407708286686,0.010459229171331366,228.0,95069531.9,0.0
RWYM11,14.088.246/0001-71,FUNDO DE INVESTIMENTO IMOBILIÁRIO RAILWAY MALL I - FII,2026-08-01,Ativa,PLANNER CORRETORA DE VALORES S.A.,0.0,1.0,0.0,9.0,94616452.19,0.000268
FINF11,18.369.510/0001-04,FUNDO DE INVESTIMENTO IMOBILIÁRIO INFRA REAL ESTATE - FII RL,2026-08-01,Ativa,TRUSTEE DISTRIBUIDORA DE TITULOS E VALORES MOBILIARIOS LTDA.,0.0,1.0,0.0,4.0,94218482.85,0.000128
KPMR11,57.683.576/0001-18,KINEA PRIME RESIDENCIAL I FII RESPONSABILIDADE LIMITADA,2026-08-01,Ativa,INTRAG DISTRIBUIDORA DE TÍTULOS E VALORES MOBILIÁRIOS LTDA,0.45225883575430226,0.5477411642456977,0.0,844.0,93222547.75,0.000939
RLGX11,66.287.781/0001-55,FII REC LOGISTICA II RESPONSABILIDADE LIMITADA,2026-05-01,Ativa,BRL TRUST DTVM S.A.,0.0,0.0,1.0,257.0,93007000.41,9.52817525663066e-05
LAFI11,51.710.043/0001-00,LAVOURA I FIAGRO IMOBILIÁRIO,2026-04-01,Ativa,BR-CAPITAL DIST. DE TÍTULOS E VALORES MOBILIÁRIOS S/A,0.0,1.0,0.0,1279.0,92098322.5,0.000997
BRTY11,13.000.836/0001-38,OSASCO PROPERTIES FUNDO DE INVESTIMENTO IMOBILIÁRIO - FII,2026-08-01,Ativa,PLANNER CORRETORA DE VALORES S.A.,,,,1.0,91443663.61,0.0002
RBFY11,62.662.477/0001-90,RIO BRAVO FOR YOU FII,2026-08-01,Ativa,RIO BRAVO INVESTIMENTOS DTVM LTDA,0.0,1.0,0.0,86.0,91348018.31,0.000834
AURB11,41.076.823/0001-88,ALIANZA URBAN FII RL,2026-08-01,Ativa,BTG PACTUAL SERVICOS FINANCEIROS S.A. DISTRIBUIDOR,0.0,1.0,0.0,21.0,89848396.29,0.000356
ONDV11,52.966.340/0001-75,ONDA DESENVOLVIMENTO IMOBILIÁRIO FII,2026-08-01,Ativa,QI CORRETORA DE TITULOS E VALORES MOBILIARIOS S.A,0.0,0.0,1.0,491.0,88912805.68,0.00022257
HGPO11,11.260.134/0001-68,PÁTRIA PRIME OFFICES - FUNDO DE INVESTIMENTO IMOBILIÁRIO,2026-06-01,Definida,BANCO GENIAL S.A.,,,,7984.0,88394914.2,0.0
JPPA11,30.982.880/0001-00,JPP CAPITAL RECEBÍVEIS IMOBILIÁRIOS FII RL,2026-08-01,Ativa,FINAXIS CORRETORA,1.0,0.0,0.0,5802.0,88296006.83,0.000147
STYI11,59.678.586/0001-90,STRIVO YIELD FUNDO DE INVESTIMENTO IMOBILIÁRIO,2026-08-01,Ativa,QORE DISTRIBUIDORA DE TÍTULOS E VALORES MOBILIÁRIOS LTDA.,0.0,1.0,0.0,3.0,86011259.52,0.000592
DVFF11,39.863.059/0001-49,DEVANT FII DE RESPONSABILIDADE LIMITADA,2026-08-01,Ativa,BRL TRUST DTVM S.A.,0.09374103353221258,0.0,0.9062589664677874,2277.0,85880766.41,0.000715714385996
IBCR11,40.011.251/0001-96,CRI BREI FII RL,2026-08-01,Ativa,BTG PACTUAL SERVICOS FINANCEIROS S.A. DISTRIBUIDOR,0.9840918518544102,0.0,0.01590814814558988,3597.0,84793201.07,0.00112
RGCC11,13.920.018/0001-53,FII PLANNER 2478 - CICA JUNDIAI FII,2026-08-01,Ativa,PLANNER CORRETORA DE VALORES S.A.,0.0,1.0,0.0,26.0,83325413.02,0.0002200217116907
ERPA11,31.469.385/0001-64,EUROPA 105 FII,2026-08-01,Ativa,OLIVEIRA TRUST DTVM S.A.,0.0,1.0,0.0,,82946614.27,9.2e-05
LSOI11,53.087.126/0001-01,LCP SPECIAL OPPORTUNITIES I FII RESPONSABILIDADE ILIMITADA,2026-08-01,Ativa,"XP INVESTIMENTOS CORRETORA DE CÂMBIO, TÍTULOS E VAL MOB S/A",0.0,0.0,1.0,40.0,82578889.73,0.000182
PMFO11,50.135.849/0001-40,SPECIALE REAL ESTATE FOF FII,2026-08-01,Definida,.BANCO DAYCOVAL S/A,0.01811015667238172,0.0,0.9818898433276183,197.0,82305125.67,0.000283
MTOF11,22.862.226/0001-34,ALIANZA MULTIOFFICES - FUNDO DE INVESTIMENTO IMOBILIÁRIO,2026-08-01,Ativa,OLIVEIRA TRUST DTVM S.A.,0.0,1.0,0.0,3.0,81632420.66,0.000172
MMVE11,41.251.337/0001-59,MARESIAS IMOBILIÁRIAS FUNDO DE INVESTIMENTO IMOBILIÁRIO,2026-08-01,Ativa,QI CORRETORA DE TITULOS E VALORES MOBILIARIOS S.A,0.0,1.0,0.0,110.0,78974895.46,0.00016003
TSNC11,17.007.443/0001-07,TRANSINC FII RL,2026-08-01,Ativa,BTG PACTUAL SERVICOS FINANCEIROS S.A. DISTRIBUIDOR,0.0,0.8359659929669396,0.16403400703306048,109.0,75468396.68,0.001155
GRAV11,22.459.737/0001-00,GRAVATAI SHOPPING FII DE RESPONSABILIDADE LIMITADA,2026-08-01,Ativa,RIO BRAVO INVESTIMENTOS - DTVM LTDA,0.0,1.0,0.0,93.0,75070451.49,0.000627
TMPS11,42.737.077/0001-99,ITAÚ TEMPUS FUNDO DE INVESTIMENTO IMOBILIÁRIO,2026-08-01,Ativa,INTRAG DISTRIBUIDORA DE TÍTULOS E VALORES MOBILIÁRIOS LTDA,0.16975673414670972,0.0,0.8302432658532902,1879.0,74689838.59,0.0008
VOTS11,17.870.926/0001-30,TIVIO SECURITIES FUNDO DE INVESTIMENTO IMOBILIÁRIO,2026-08-01,Ativa,BEM DTVM LTDA,0.6752565140288682,0.0,0.3247434859711317,547.0,74550011.67,9.2e-05
RBOP11,13.500.306/0001-59,FUNDO DE INVESTIMENTO IMOBILIÁRIO RB OPORTUNIDADES - FII,2026-08-01,Ativa,RIO BRAVO INVESTIMENTOS DTVM LTDA,0.0,1.0,0.0,2461.0,74343852.26,0.000918
LKDV11,40.102.445/0001-05,DEVELOPMENT V1 FII,2026-08-01,Ativa,BTG PACTUAL SERVICOS FINANCEIROS S.A. DISTRIBUIDOR,0.0,1.0,0.0,100.0,74013036.21,0.000912
RBRS11,36.517.660/0001-91,RIO BRAVO RENDA RESIDENCIAL FII,2026-08-01,Ativa,RIO BRAVO INVESTIMENTOS DTVM LTDA,0.0,1.0,0.0,854.0,73311421.01,0.000834
CXSP11,22.211.522/0001-75,FUNDO DE INVESTIMENTO IMOBILIÁRIO CAIXA CONVIDA SUAPE RL,2026-08-01,Ativa,CAIXA ECONÔMICA FEDERAL,0.0,1.0,0.0,1.0,72937258.11,0.134922
ZIFI11,35.820.768/0001-96,ZION CAPITAL FUNDO DE INVESTIMENTO IMOBILIÁRIO - FII RL,2026-08-01,Ativa,TRUSTEE DISTRIBUIDORA DE TITULOS E VALORES MOBILIARIOS LTDA.,0.0,1.0,0.0,86.0,72790100.65,0.000309
NEWU11,14.793.782/0001-78,NEWPORT RENDA URBANA FII,2026-08-01,Ativa,BANCO GENIAL S.A.,0.0,0.8093056437810242,0.1906943562189758,1027.0,71215470.63,0.0015720740031568
HOSI11,34.081.631/0001-02,FUNDO DE INVESTIMENTO IMOBILIÁRIO HOUSI,2026-08-01,Ativa,VÓRTX DTVM LTDA,0.0,1.0,0.0,950.0,71182072.01,0.00085
SNME11,52.227.760/0001-30,SUNO MULT FII RL,2026-08-01,Ativa,BTG PACTUAL SERVICOS FINANCEIROS S.A. DISTRIBUIDOR,0.0936062850103505,0.0,0.9063937149896495,9804.0,71157267.8,0.001047
SPXL11,55.074.554/0001-25,SPX RE RPPS FII,2026-08-01,Ativa,BTG PACTUAL SERVICOS FINANCEIROS S.A. DISTRIBUIDOR,,,,28.0,70835802.48,0.004381
FLCR11,33.884.145/0001-51,FARIA LIMA CAPITAL RECEBÍVEIS IMOBILIÁRIOS I - FII,2026-08-01,Ativa,BRL TRUST DTVM S.A.,0.8901523691499845,0.0,0.10984763085001542,2595.0,70609198.66,0.0009123079035379
VTPA11,21.500.481/0001-74,FII PATRIMONIAL V  RESPONSABILIDADE LTDA,2026-08-01,Ativa,OLIVEIRA TRUST DIST. DE TÍTULOS E VALORES MOBILIÁRIOS S/A,0.0,1.0,0.0,1.0,70141956.55,2.1e-05
ATCR11,14.631.148/0001-39,HAZ FUNDO DE INVESTIMENTO IMOBILIARIO,2026-08-01,Ativa,RJI CTVM LTDA,0.0,1.0,0.0,33.0,69132886.08,0.0001822576882645
OULG11,13.974.819/0001-00,FII OURINVEST LOGISTICA - RESPONSABILIDADE LIMITADA,2026-08-01,Ativa,OURIBANK S.A. BANCO MULTIPLO,,,,2723.0,67725929.6,0.000657
RZRM11,67.046.949/0001-01,FII RIZA MALLS RPPS,2026-08-01,Ativa,"XP INVESTIMENTOS CORRETORA DE CÂMBIO, TÍTULOS E VAL MOB S/A",,,,6.0,67518787.14,5.9e-05
ORCE11,54.505.439/0001-03,ORIZ RE CRÉDITO ESTRUTURADO FII,2026-08-01,Ativa,"XP INVESTIMENTOS CORRETORA DE CÂMBIO, TÍTULOS E VAL MOB S/A",0.7092881048704247,0.2907118951295753,0.0,137.0,66609481.24,0.00018
KONG11,66.743.243/0001-28,CAP ARTON JP FII,2026-08-01,Ativa,BTG PACTUAL SERVICOS FINANCEIROS S.A. DISTRIBUIDOR,0.0,1.0,0.0,177.0,66498468.17,0.001051
ITIT11,36.293.425/0001-83,INTER TEVA ÍNDICE DE TIJOLO FII,2026-08-01,Definida,INTER DTVM LTDA.,0.0,0.0,1.0,8599.0,66468838.04,0.00025
HCRI11,04.066.582/0001-60,HOSPITAL CRIANCA FII,2026-08-01,Definida,BTG PACTUAL SERVICOS FINANCEIROS S.A. DISTRIBUIDOR,0.0,1.0,0.0,3008.0,65859599.69,0.000372
WPLZ11,09.326.861/0001-39,SHOPPING WEST PLAZA FUNDO DE INVESTIMENTO IMOBILIARIO,2026-08-01,Definida,HEDGE INVESTMENTS DTVM LTDA,0.0,1.0,0.0,1401.0,64765001.07,0.000407
CCVA11,52.713.882/0001-36,CANUMA RENDA FII,2026-08-01,Definida,BTG PACTUAL SERVICOS FINANCEIROS S.A. DISTRIBUIDOR,0.0,1.0,0.0,1.0,64700594.75,0.000968
OCRE11,44.680.435/0001-08,OCTO FUNDO DE INVESTIMENTO IMOBILIARIO,2026-08-01,Ativa,ID CORRETORA DE TITULOS E VALORES MOBILIARIOS S.A.,0.2447419047643231,0.0,0.755258095235677,435.0,64027090.93,0.0003
CVPR11,38.294.329/0001-85,CVPAR CRI FII RL,2026-08-01,Ativa,BTG PACTUAL SERVICOS FINANCEIROS S.A. DISTRIBUIDOR,0.8231023141481209,0.0,0.17689768585187918,3.0,61484131.74,0.001047
ICNE11,53.137.434/0001-02,ÍCONE - FII RESPONSABILIDADE LIMITADA,2026-08-01,Ativa,OLIVEIRA TRUST DTVM S.A.,0.0,1.0,0.0,14.0,61203738.92,0.0
AERO11,57.927.297/0001-52,FII HCO OPPS AERO I,2026-08-01,Ativa,BTG PACTUAL SERVICOS FINANCEIROS S.A. DISTRIBUIDOR,0.0,1.0,0.0,44.0,60824834.99,0.001504
VIDS11,32.527.552/0001-49,VIC DESENVOLVIMENTO 20/21 FII,2026-08-01,Ativa,BANCO GENIAL S.A.,0.0,1.0,0.0,199.0,60424748.8,0.0008647926725017
SOLR11,22.169.671/0001-13,SOLARIUM FII - FUNDO DE INVESTIMENTO IMOBILIÁRIO,2026-08-01,Ativa,BANCO GENIAL S.A.,0.0,1.0,0.0,53.0,60406345.65,0.0006865972366596
XPCM11,16.802.320/0001-03,XP CORPORATE MACAÉ FUNDO DE INVESTIMENTO IMOBILIÁRIO,2026-08-01,Definida,OSLO CAPITAL DTVM,0.0,1.0,0.0,15062.0,58814044.08,0.00136
GLOG11,36.501.198/0001-34,GENIAL LOGÍSTICA FUNDO DE INVESTIMENTO IMOBILIÁRIO,2026-07-01,Ativa,BANCO GENIAL S.A.,,,,1441.0,58569775.08,0.0006761057208417
REME11,63.051.078/0001-55,RB MULTIESTRATÉGIA IMOBILIÁRIA FII RESPONSABILIDADE LIMITADA,2026-08-01,Ativa,BRL TRUST DTVM S.A.,0.035457046922673895,0.0,0.9645429530773261,2718.0,57861948.13,0.0
EDFO11,06.175.262/0001-73,FII EDIFÍCIO OURINVEST,2026-08-01,Definida,OLIVEIRA TRUST DTVM S.A.,0.0,1.0,0.0,436.0,56835456.79,0.000251
SAIC11,17.311.079/0001-74,FUNDO DE INVESTIMENTO IMOBILIÁRIO - FII SIA CORPORATE,2026-08-01,Definida,BRB DISTRIBUIDORA DE TÍTULOS E VALORES MOBILIÁRIOS S.A,0.0,1.0,0.0,45.0,56532038.55,0.038171
FIVN11,17.854.016/0001-64,FUNDO DE INVESTIMENTO IMOBILIÁRIO VIDA NOVA - FII,2026-08-01,Definida,OLIVEIRA TRUST DTVM S.A.,0.0,1.0,0.0,4195.0,56154078.39,0.000389
CRFF11,31.887.401/0001-39,CX RIO BRAVO FUNDO DE FUNDOS DE INVESTIMENTO IMOBILIÁRIO II,2026-08-01,Ativa,CAIXA ECÔNOMICA FEDERAL,0.0,0.0,1.0,1141.0,55821999.92,0.000956
GSRF11,62.951.756/0001-73,GALAPAGOS SP SURF FUNDO DE INVESTIMENTO,2026-08-01,Ativa,VÓRTX DTVM LTDA,0.0,1.0,0.0,2.0,55002686.81,0.000322
LSII11,63.279.000/0001-92,LCP SPECIAL OPPORTUNITIES II,2026-08-01,Definida,VÓRTX DTVM LTDA,0.0,0.0,1.0,25.0,54580139.69,0.000365
TRPL11,63.320.393/0001-30,TERRAS PAULISTAS FI IMOBILIÁRIO DE PERMUTAS RESP LIMITADA,2026-08-01,Ativa,ID CORRETORA DE TITULOS E VALORES MOBILIARIOS S.A.,0.0,1.0,0.0,177.0,54029906.67,0.0003
KEVE11,32.317.313/0001-64,EVEN II KINEA FII RESPONSABILIDADE LIMITADA,2026-08-01,Definida,INTRAG DISTRIBUIDORA DE TÍTULOS E VALORES MOBILIÁRIOS LTDA,0.994295478182491,0.005704521817509034,0.0,414.0,53761797.17,0.00124
NAVF11,35.652.252/0001-80,NAVI TOTAL RE FII RL,2026-08-01,Ativa,BTG PACTUAL SERVICOS FINANCEIROS S.A. DISTRIBUIDOR,0.22164044142161815,0.0,0.7783595585783819,2133.0,51257677.48,0.000938
HGIC11,38.456.508/0001-71,HGI FII RESP LIMITADA,2026-08-01,Ativa,VÓRTX DTVM LTDA,0.2156520228629442,0.3654189986708066,0.4189289784662492,727.0,51245748.91,0.000361
AZSG11,65.782.151/0001-94,AZ SOLARGRID RENDA SOLAR FUNDO DE INVESTIMENTO IMOBILIÁRIO,2026-08-01,Ativa,"XP INVESTIMENTOS CORRETORA DE CÂMBIO, TÍTULOS E VAL MOB S/A",0.0,1.0,0.0,3.0,50806427.08,0.000167
JCAT11,14.609.653/0001-87,JHSF CATARINA FII LTDA,2026-08-01,Ativa,.BANCO DAYCOVAL S/A,0.0,1.0,0.0,24.0,50525650.16,0.000532
VVDI11,66.661.365/0001-75,V2 RECEBIVEIS CDI FII RESPONSABILIDADE LIMITADA,2026-08-01,Ativa,BRL TRUST DTVM S.A.,0.7183811884760555,0.0,0.28161881152394447,60.0,50311787.98,0.0010733476620124
HCST11,31.152.015/0001-07,FII HECTARE STUDENT HOUSING,2026-08-01,Ativa,VÓRTX DTVM LTDA,0.0,1.0,0.0,66.0,49854624.06,0.00052
INDE11,52.635.194/0001-03,INTER DESENVOLVIMENTO FII,2026-08-01,Ativa,INTER DTVM LTDA.,0.0,1.0,0.0,181.0,49850616.38,6e-05
IVCI11,53.305.536/0001-81,ICATU VANGUARDA CRÉDITO IMOBILIÁRIO FII,2026-08-01,Definida,.BANCO DAYCOVAL S/A,0.866806970136487,0.0,0.1331930298635131,17.0,49796939.81,0.000173
TWNI11,19.628.741/0001-40,FII MORUMBI TOWN RL,2026-08-01,Ativa,BTG PACTUAL SERVICOS FINANCEIROS S.A. DISTRIBUIDOR,0.0,1.0,0.0,1.0,49553769.95,0.000644
ITIP11,36.312.772/0001-06,INTER TEVA ÍNDICE DE PAPEL FII,2026-08-01,Definida,INTER DTVM LTDA.,0.0,0.0,1.0,6971.0,48305227.76,0.00025
BNFS11,15.570.431/0001-60,BANRISUL NOVAS FRONTEIRAS FII,2026-08-01,Ativa,OLIVEIRA TRUST DTVM S.A.,0.0,1.0,0.0,4861.0,48179246.38,0.000564
FTLZ11,01.601.918/0001-59,FORTALEZA FUNDO DE INVESTIMENTO IMOBILIÁRIO DE RESP LTDA,2026-08-01,Definida,RIO BRAVO INVESTIMENTOS DTVM LTDA,0.0,0.7942548971493453,0.20574510285065462,1.0,47289562.98,0.001346
GLCR11,59.669.570/0001-11,FII GALAPAGOS HEDGE FUND,2026-08-01,Ativa,VÓRTX DTVM LTDA,0.6830405668425567,0.0,0.31695943315744335,908.0,47016121.27,0.000354
HOMS11,55.793.516/0001-22,FII ROOFTOP III,2026-08-01,Ativa,VÓRTX DTVM LTDA,0.0,1.0,0.0,2579.0,46957938.68,0.000494
DPRO11,42.922.127/0001-08,DEVANT PROPERTIES FUNDO DE INVESTIMENTO IMOBILIÁRIO,2026-08-01,Ativa,QORE DISTRIBUIDORA DE TÍTULOS E VALORES MOBILIÁRIOS LTDA.,0.0,1.0,0.0,806.0,46908042.34,0.00032
APTO11,42.432.327/0001-82,NAVI RESIDENCIAL FUNDO DE INVESTIMENTO IMOBILIÁRIO,2026-08-01,Ativa,BRL TRUST DTVM S.A.,0.6040981123107392,0.39590188768926077,0.0,7374.0,45834831.49,0.0012757079735911
GCDL11,56.061.587/0001-01,FII GALAPAGOS DESENVOLVIMENTO RESP LTDA,2026-08-01,Ativa,VÓRTX DTVM LTDA,0.16611911891038048,0.0,0.8338808810896196,2024.0,45050877.94,0.000366
RFII11,20.717.355/0001-03,LA SHOPPING II CENTERS FUNDO DE INVESTIMENTO IMOBILIARIO,2026-08-01,Ativa,TERRA INVESTIMENTOS DTVM,0.0,1.0,0.0,1.0,43545957.62,0.0003924141512541
MCFA11,54.698.848/0001-65,MAUÁ CAPITAL HIGH GRADE FUNDO DE INVESTIMENTO IMOBILIÁRIO,2026-08-01,Ativa,"XP INVESTIMENTOS CORRETORA DE CÂMBIO, TÍTULOS E VAL MOB S/A",1.0,0.0,0.0,1269.0,43072079.07,0.000232
MBBI11,32.177.294/0001-18,FII MB BI RESPONS LIMITADA,2026-08-01,Ativa,MERCANTIL DO BRASIL DISTRIBUIDORA LTDA,0.0,1.0,0.0,1.0,42441204.59,0.001556
RBRI11,32.441.656/0001-36,RBR DESEN III FII RL,2026-08-01,Ativa,BTG PACTUAL SERVICOS FINANCEIROS S.A. DISTRIBUIDOR,0.0,1.0,0.0,139.0,42215088.92,0.003255
KPRP11,58.099.321/0001-75,KINEA PRIME RESIDENCIAL I PVT FII RESPONSABILIDADE LIMITADA,2026-08-01,Ativa,INTRAG DISTRIBUIDORA DE TÍTULOS E VALORES MOBILIÁRIOS LTDA,0.0,1.0,0.0,276.0,41967641.8,0.00161
RTEL11,01.657.856/0001-05,SCP - FUNDO DE INVESTIMENTO IMOBILIARIO,2026-08-01,Ativa,BR-CAPITAL DIST. DE TÍTULOS E VALORES MOBILIÁRIOS S/A,0.0,1.0,0.0,4218.0,41492114.28,0.000449
VRCD11,26.452.179/0001-01,FII PLANNER 2593 - VIRACONDO FII,2026-08-01,Ativa,PLANNER CORRETORA DE VALORES S.A.,0.0,0.0,1.0,9.0,41309515.66,0.0153717556319565
RCRI11,60.801.196/0001-45,RCRI FII,2026-08-01,Ativa,BTG PACTUAL SERVICOS FINANCEIROS S.A. DISTRIBUIDOR,0.3803471523066195,0.0,0.6196528476933806,388.0,41208673.48,0.001367
XPCE11,24.853.060/0001-15,FII XPCE RE,2026-08-01,Ativa,VÓRTX DTVM LTDA,0.0,1.0,0.0,2.0,41002905.96,0.00042
ORPD11,19.107.604/0001-60,OURO REC DESENVOLVIMENTO IMOBILIÁRIO I FII - FII DE RL,2026-08-01,Ativa,TRUSTEE DISTRIBUIDORA DE TITULOS E VALORES MOBILIARIOS LTDA.,0.0,1.0,0.0,6.0,40722702.68,0.000246
NCRI11,40.041.603/0001-56,NAVI CREDITO IMOBILIARIO - FII,2026-08-01,Ativa,BRL TRUST DTVM S.A.,1.0,0.0,0.0,1357.0,39710215.5,0.001244051168647
VTVI11,21.500.514/0001-86,PARKING PARTNERS FUNDO DE INVESTIMENTO IMOBILIÁRIO - FII,2026-08-01,Ativa,BEM DTVM LTDA,0.0,1.0,0.0,1.0,39432720.68,0.000313
DOVL11,10.522.648/0001-81,DOVEL FII,2026-08-01,Ativa,BRL TRUST DTVM S.A.,0.0,1.0,0.0,101.0,38818754.68,0.0008834188598447
PDBM11,56.978.773/0001-00,PDB MALLS FII RESPONSABILIDADE LTDA,2026-08-01,Ativa,BANCO GENIAL S.A.,0.0,1.0,0.0,120.0,38459449.79,0.0003416923557605
RRCI11,35.689.733/0001-60,XLPR FII RESPONSABILIDADE LIMITADA,2026-08-01,Ativa,BRL TRUST DTVM S.A.,0.09825151119631048,0.0,0.9017484888036895,1318.0,38442868.21,0.0004730289608117
VIMO11,59.306.587/0001-04,VINCI MOZAK RESIDENCIAL II FII RESP LTDA,2026-08-01,Ativa,BRL TRUST DTVM S.A.,0.0,1.0,0.0,130.0,38380125.06,0.001217293323744
DAMA11,53.866.872/0001-01,DAMA FII,2026-08-01,Ativa,BTG PACTUAL SERVICOS FINANCEIROS S.A. DISTRIBUIDOR,0.0,0.0,1.0,960.0,38235425.59,0.001228
ASRF11,45.188.033/0001-45,DAYCOVAL RET FII RL,2026-08-01,Ativa,BTG PACTUAL SERVICOS FINANCEIROS S.A. DISTRIBUIDOR,0.0,1.0,0.0,98.0,37952127.82,0.001335
ZAVC11,52.101.897/0001-43,ZAVIT CREDITO IMOBILIARIO FII RESP LIMITADA,2026-08-01,Ativa,BRL TRUST DTVM S.A.,1.0,0.0,0.0,858.0,37462107.01,0.0006483394004911
RDLI11,53.391.567/0001-00,RBR DESENV LOG I FII,2026-08-01,Ativa,BTG PACTUAL SERVICOS FINANCEIROS S.A. DISTRIBUIDOR,0.0,0.0,1.0,304.0,37200372.4,0.001844
TCIN11,34.197.700/0001-30,G5 CIDADE NOVA FUNDO DE INVESTIMENTO IMOBILIÁRIO,2026-08-01,Ativa,QI CORRETORA DE TITULOS E VALORES MOBILIARIOS S.A,,,,108.0,36585544.57,0.0005608
HRES11,42.869.853/0001-04,FII HIRE RESIDENCIAL I - FII - RESP LIMI,2026-08-01,Ativa,VÓRTX DTVM LTDA,0.0,1.0,0.0,133.0,36248775.81,0.000434
EIRA11,59.202.651/0001-07,AROEIRA FUNDO DE INVESTIMENTO IMOBILIÁRIO,2026-08-01,Ativa,QI CORRETORA DE TITULOS E VALORES MOBILIARIOS S.A,0.0,0.0,1.0,271.0,35839806.24,0.00047209
CEBB11,56.304.155/0001-76,BALTIMORE SUB FII,2026-08-01,Definida,.BANCO DAYCOVAL S/A,0.0,1.0,0.0,3.0,35759198.67,0.000224
MMPD11,41.080.968/0001-52,MAUA MPD FII RL,2026-08-01,Ativa,BTG PACTUAL SERVICOS FINANCEIROS S.A. DISTRIBUIDOR,1.0,0.0,0.0,104.0,35692849.41,0.001992
TRCO11,62.173.370/0001-88,FII TORRE RIO CLARO OFFICES - RESPONSABILIDADE LIMITADA,2026-08-01,Ativa,OURIBANK S.A. BANCO MULTIPLO,0.0,1.0,0.0,4.0,35554768.57,0.000231
PNPR11,26.813.118/0001-22,PANORAMA PROPERTIES - FII,2026-08-01,Ativa,BRL TRUST DTVM S.A.,,,,13.0,34728336.7,0.0
LSOP11,63.429.256/0001-39,LCP SPECIAL OPPORTUNITIES III,2026-08-01,Ativa,VÓRTX DTVM LTDA,0.0,0.0,1.0,6.0,34068614.43,0.000585
RCFF11,35.689.670/0001-41,PATRIA D FEEDER FII,2026-08-01,Ativa,BTG PACTUAL SERVICOS FINANCEIROS S.A. DISTRIBUIDOR,0.0,0.0,1.0,114.0,33353848.37,0.001011
VGII11,52.649.680/0001-72,VALORA CRI INFRA FII II,2026-08-01,Definida,.BANCO DAYCOVAL S/A,0.08190371078758499,0.0,0.918096289212415,9.0,32568105.78,0.000368
LRDI11,41.088.534/0001-07,LEBLON REALTY FII,2026-08-01,Ativa,BTG PACTUAL SERVICOS FINANCEIROS S.A. DISTRIBUIDOR,0.0,1.0,0.0,149.0,32460586.27,0.001646
MOFF11,31.508.219/0001-20,MULTIOFFICES 2 - FUNDO DE INVESTIMENTO IMOBILIÁRIO,2026-08-01,Ativa,OLIVEIRA TRUST DTVM S.A.,0.0,1.0,0.0,4.0,31907199.92,0.0005
PEMA11,34.736.510/0001-43,PERFORMA REAL ESTATE - FUNDO DE INVESTIMENTO IMOBILIÁRIO,2026-08-01,Ativa,BRL TRUST DTVM S.A.,1.0,0.0,0.0,273.0,31900172.37,0.000213928624612
TELM11,45.188.099/0001-35,TELLUS MULTI FII RL,2026-08-01,Ativa,BTG PACTUAL SERVICOS FINANCEIROS S.A. DISTRIBUIDOR,0.6189298266504358,0.32762988663959164,0.05344028670997253,445.0,31817729.47,0.001424
ETPP11,18.259.637/0001-62,ETR PROP FII RL,2026-08-01,Definida,BTG PACTUAL SERVICOS FINANCEIROS S.A. DISTRIBUIDOR,0.0,1.0,0.0,6.0,30760168.12,0.000742
TPOS11,66.173.986/0001-00,RBR TESOURARIA CDI FII RESPONSABILIDADE LTDA,2026-08-01,Ativa,INTRAG DISTRIBUIDORA DE TÍTULOS E VALORES MOBILIÁRIOS LTDA,1.0,0.0,0.0,110.0,30387001.01,0.0001
YEES11,51.385.174/0001-50,HEDGE YEES HABITAÇÕES ECONÔMICAS FII,2026-08-01,Ativa,HEDGE INVESTMENTS DTVM LTDA,0.0,1.0,0.0,136.0,30333360.42,0.00167
PRSV11,11.281.322/0001-72,PRESIDENTE VARGAS FUNDO DE INVESTIMENTO IMOBILIÁRIO,2026-08-01,Definida,HEDGE INVESTMENTS DTVM LTDA,0.0,1.0,0.0,765.0,29713284.86,0.001253
BLSC11,53.095.823/0001-04,BLUE SECURITIES FUNDO DE INVESTIMENTO IMOBILIÁRIO,2026-08-01,Ativa,"XP INVESTIMENTOS CORRETORA DE CÂMBIO, TÍTULOS E VAL MOB S/A",0.9788799112871504,0.021120088712849563,0.0,2.0,29336141.66,0.001423
KGUJ11,61.305.996/0001-38,KINEA GUARARA JD FII,2026-08-01,Ativa,BTG PACTUAL SERVICOS FINANCEIROS S.A. DISTRIBUIDOR,0.0,1.0,0.0,120.0,29320764.47,0.002251
OLMP11,04.644.612/0001-78,STARK FUNDO DE INVESTIMENTO IMOBILIÁRIO-FII,2026-08-01,Ativa,RJI CTVM LTDA,0.0,1.0,0.0,2.0,28467311.46,0.0006365634501685
GFDL11,58.523.711/0001-20,FII GALAPAGOS F DESENV LOGIST RESP LTDA,2026-08-01,Ativa,VÓRTX DTVM LTDA,0.0,0.0,1.0,1858.0,28445314.63,0.000292
RELG11,37.112.770/0001-36,FUNDO DE INVESTIMENTO IMOBILIÁRIO REC LOGÍSTICA,2026-08-01,Ativa,BRL TRUST DTVM S.A.,0.0,0.0,1.0,3370.0,28241916.22,0.0016389709409031
VIOL11,57.909.000/0001-26,VINCI OPORT LOG FII,2026-08-01,Ativa,BTG PACTUAL SERVICOS FINANCEIROS S.A. DISTRIBUIDOR,0.0,1.0,0.0,9.0,27863113.34,0.001273
TCPF11,26.990.011/0001-50,TREECORP REAL ESTATE FII - RESPONSABILIDADE LIMITADA,2026-08-01,Ativa,BR-CAPITAL DIST. DE TÍTULOS E VALORES MOBILIÁRIOS S/A,0.0,1.0,0.0,47.0,27594794.68,0.000474
XBXO11,36.814.809/0001-02,R CAP 1810 - FUNDO DE INVESTIMENTO IMOBILIÁRIO,2026-08-01,Ativa,QORE DISTRIBUIDORA DE TÍTULOS E VALORES MOBILIÁRIOS LTDA.,1.0,0.0,0.0,5.0,26446656.21,0.000378
KNGR11,61.305.758/0001-22,KINEA GUARARA FII,2026-08-01,Ativa,BTG PACTUAL SERVICOS FINANCEIROS S.A. DISTRIBUIDOR,0.0,1.0,0.0,101.0,26301903.51,0.003031
CFII11,41.325.993/0001-59,CF3 FUNDO DE INVESTIMENTO IMOBILIÁRIO,2026-08-01,Ativa,QI CORRETORA DE TITULOS E VALORES MOBILIARIOS S.A,0.0,1.0,0.0,107.0,26172187.86,0.0005378
MGHT11,34.197.776/0001-65,TZDK FII RL,2026-08-01,Ativa,BTG PACTUAL SERVICOS FINANCEIROS S.A. DISTRIBUIDOR,4.26766792330699e-05,0.8993817624688882,0.10057556085187869,3046.0,25998902.86,0.001457
SPXD11,59.718.930/0001-28,SPX FEEDER GALAP FII,2026-08-01,Ativa,BTG PACTUAL SERVICOS FINANCEIROS S.A. DISTRIBUIDOR,0.0,0.0,1.0,1.0,25518372.9,0.003405
AVUR11,57.109.239/0001-11,ARCH VANGUARDA UNIDADES RESIDENCIAIS FII,2026-08-01,Ativa,.BANCO DAYCOVAL S/A,0.0,1.0,0.0,1.0,23014618.25,0.001843
FMOF11,01.633.741/0001-72,FII MEMORIAL OFFICE RESP LTDA,2026-08-01,Definida,HEDGE INVESTMENTS DTVM LTDA,,,,356.0,22980206.81,0.000933
SCOO11,28.216.384/0001-01,SICOOB AGÊNCIAS FUNDO DE INVESTIMENTO IMOBILIÁRIO,2026-08-01,Ativa,SICOOB DISTRIBUIDORA DE TÍTULOS E VALORES MOBILIÁRIOS LTDA.,0.0,1.0,0.0,1.0,22551140.76,0.000887
CXTL11,12.887.506/0001-43,FUNDO DE INVESTIMENTO IMOBILIARIO CAIXA SEQ LOGISTICA RENDA,2026-08-01,Definida,CAIXA ECONÔMICA FEDERAL,0.0,1.0,0.0,554.0,22208001.84,0.0009
NAUI11,49.649.500/0001-48,TEN DESENVOLVIMENTO FII,2026-08-01,Ativa,VÓRTX DTVM LTDA,0.0,1.0,0.0,109.0,21757028.81,0.001585
ROOF11,38.456.598/0001-09,FII ROOFTOP I,2026-08-01,Ativa,VÓRTX DTVM LTDA,0.0,1.0,0.0,83.0,21745430.36,0.000949
PNLN11,40.887.170/0001-54,PANORAMA LAST MILE SBC FII,2026-08-01,Ativa,BRL TRUST DTVM S.A.,0.0,1.0,0.0,52.0,21599267.13,0.0017993226235912
RMBS11,58.366.499/0001-35,REC MASTER FUNDO DE CRI COTAS AMORTIZÁVEIS FII RESP LTDA,2026-08-01,Ativa,BRL TRUST DTVM S.A.,1.0,0.0,0.0,4393.0,21095028.97,0.0013260531682502
VGRD11,66.873.762/0001-00,VGR DESENVOLVIMENTO RES FII RESP,2026-08-01,Ativa,HEDGE INVESTMENTS DTVM LTDA,1.0,0.0,0.0,108.0,19961219.62,0.001603
YUFI11,36.445.551/0001-06,YUCA FUNDO DE INVESTIMENTO IMOBILIARIO,2026-08-01,Ativa,BRL TRUST DTVM S.A.,0.0,1.0,0.0,56.0,19878171.68,0.0010299287243101
LLAO11,41.218.404/0001-33,BS2 ALLINVESTMENTS FII,2026-08-01,Ativa,BRL TRUST DTVM S.A.,0.489750418335384,0.2609899842679745,0.2492595973966416,78.0,19405906.3,0.0006474662819535
VTBL11,20.265.467/0001-70,FII HIERON BERLIM,2026-08-01,Ativa,VÓRTX DTVM LTDA,0.0,1.0,0.0,1.0,19234223.52,0.003049
PATA11,53.764.894/0001-52,PATAGONIA CAPITAL MULTIESTRATEGIA FII,2026-08-01,Ativa,BANCO GENIAL S.A.,0.7943843975307223,0.0,0.20561560246927768,424.0,17236404.17,0.0010506599764885
SPXM11,57.378.678/0001-20,SPX RE BRAD FII,2026-08-01,Ativa,BTG PACTUAL SERVICOS FINANCEIROS S.A. DISTRIBUIDOR,0.0,0.0,1.0,198.0,17148632.51,0.003779
TAGI11,12.811.222/0001-73,FII PLANNER 2481 - FII OAR,2026-08-01,Ativa,PLANNER CORRETORA DE VALORES S.A.,0.0,0.0,1.0,1.0,16550027.9,0.0003913099143476
LTMT11,46.449.786/0001-20,SPECIALE BLUE REAL ASSET FII,2026-08-01,Ativa,.BANCO DAYCOVAL S/A,0.0,1.0,0.0,225.0,16143499.52,0.00172
FISD11,16.543.270/0001-89,SÃO DOMINGOS FUNDO DE INVESTIMENTO IMOBILIARIO- FII,2026-08-01,Ativa,RJI CTVM LTDA,0.0,0.9324500895957172,0.06754991040428282,22.0,15970550.81,0.0052329641597377
KNPR11,42.737.059/0001-07,KINEA PREMIUM PROPERTIES FII RESPONSABILIDADE LIMITADA,2026-08-01,Ativa,INTRAG DISTRIBUIDORA DE TÍTULOS E VALORES MOBILIÁRIOS LTDA,0.0,0.0,1.0,1056.0,15947537.45,0.000542
TINF11,66.174.532/0001-53,RBR TESOURARIA IPCA FII RESPONSABILIDADE LTDA,2026-08-01,Ativa,INTRAG DISTRIBUIDORA DE TÍTULOS E VALORES MOBILIÁRIOS LTDA,1.0,0.0,0.0,94.0,15832198.88,0.0001
SRVD11,38.082.796/0001-41,SERRA SUL FUNDO DE INVESTIMENTO IMOBILIÁRIO RESP ILIMITADA,2026-08-01,Ativa,QORE DISTRIBUIDORA DE TÍTULOS E VALORES MOBILIÁRIOS LTDA.,0.0,1.0,0.0,108.0,15766279.23,0.000888
ICTU11,19.249.956/0001-50,LA DEFENSE FUNDO DE INVESTIMENTO IMOBILIÁRIO - FII,2026-08-01,Definida,OLIVEIRA TRUST DTVM S.A.,0.0,1.0,0.0,1.0,15566530.97,0.000587
LRED11,55.089.373/0001-72,FII LCP RE DEVELOPMENT RESP LTDA,2026-08-01,Ativa,VÓRTX DTVM LTDA,0.0,1.0,0.0,110.0,15231995.98,0.001298
FIIT11,29.242.844/0001-20,TRANCOSO - FUNDO DE INVESTIMENTO IMOBILIÁRIO - FII,2026-08-01,Ativa,QI CORRETORA DE TITULOS E VALORES MOBILIARIOS S.A,0.0,1.0,0.0,1.0,15097263.11,0.00017642
LFTT11,24.796.967/0001-90,LOFT II D FII RL,2026-08-01,Ativa,BTG PACTUAL SERVICOS FINANCEIROS S.A. DISTRIBUIDOR,0.0,1.0,0.0,8.0,14841910.06,0.001059
RENV11,54.174.907/0001-04,CPV ENERGIA FUNDO DE INVESTIMENTO IMOBILIÁRIO RESP LIMITADA,2026-08-01,Ativa,ID CORRETORA DE TITULOS E VALORES MOBILIARIOS S.A.,0.0,1.0,0.0,898.0,14708091.15,0.0006
IMMV11,38.376.805/0001-07,IMMOB V DESENVOLVIMENTO FII,2026-08-01,Ativa,BEM DTVM LTDA,,,,1.0,14209190.62,0.000613
VLJS11,13.842.683/0001-76,VECTOR QUELUZ LAJES CORPORATIVAS FUNDO DE INVESTIMENTO IMOB,2026-08-01,Definida,PLANNER CORRETORA DE VALORES S.A.,1.0,0.0,0.0,9.0,14033316.84,0.006481
RBTS11,29.299.737/0001-39,RB CAPITAL TFO SITUS FUNDO DE INVESTIMENTO IMOBILIÁRIO - FII,2026-08-01,Ativa,OLIVEIRA TRUST DTVM S.A.,0.0,1.0,0.0,124.0,13945598.02,0.000939
ONHI11,59.693.395/0001-06,MINAS AGRO FI NAS CADEIAS PRODUTIVAS DO AGRONEGÓCIO,2026-05-01,Ativa,PLANNER CORRETORA DE VALORES S.A.,0.0,1.0,0.0,1.0,13298479.24,0.0009286776162234
PNDL11,37.899.400/0001-90,PANORAMA DESENVOLVIMENTO LOGÍSTICO - FII,2026-08-01,Ativa,BRL TRUST DTVM S.A.,,,,57.0,12974777.39,0.0
STRY11,66.060.256/0001-00,HEDGE STRATEGY FII DE RL,2026-08-01,Ativa,HEDGE INVESTMENTS DTVM LTDA,0.0,1.0,0.0,1.0,12725761.75,8.3e-05
SPAF11,18.311.024/0001-27,SPA FUNDO DE INVESTIMENTO IMOBILIÁRIO,2026-08-01,Ativa,BANCO GENIAL S.A.,0.0,1.0,0.0,1.0,12704950.1,0.000511611611918
EDGE11,54.306.150/0001-57,EDGE FII RL,2026-08-01,Definida,.BANCO DAYCOVAL S/A,0.0,0.0,1.0,116.0,12466221.36,0.000733
HRDF11,16.929.519/0001-99,HEDGE REALTY DEVELOPMENT FUNDO DE INVESTIMENTO IMOBILIÁRIO,2026-08-01,Ativa,HEDGE INVESTMENTS DTVM LTDA,0.0,1.0,0.0,820.0,11925397.63,0.000634
SJAU11,27.771.547/0001-47,SJ AU LOGÍSTICA FII,2026-08-01,Definida,VÓRTX DTVM LTDA,0.0,1.0,0.0,864.0,11737019.93,0.002663
TELD11,36.200.701/0001-11,TELLUS DESENVOLVIMENTO LOGÍSTICO FUNDO DE INV. IMOBILIÁRIO,2026-08-01,Ativa,BRL TRUST DTVM S.A.,0.0,1.0,0.0,2.0,11607910.38,0.0002721859401536
URHF11,52.649.350/0001-87,URCA HEDGE FUND MULTIESTRATÉGIA IMOBILIÁ,2026-08-01,Definida,.BANCO DAYCOVAL S/A,1.0,0.0,0.0,330.0,11237556.24,0.000285
PLRI11,14.080.689/0001-16,POLO FII RECEBIVEIS IMOBILIARIOS I,2026-08-01,Ativa,OLIVEIRA TRUST DTVM S.A.,1.0,0.0,0.0,717.0,11063012.19,0.0
FSOF11,16.802.360/0001-47,FUNDO DE INVESTIMENTO IMOBILIÁRIO SOFI,2026-08-01,Ativa,PLANNER CORRETORA DE VALORES S.A.,,,,2.0,11025189.41,0.000624
KNRE11,14.423.780/0001-97,KINEA II REAL ESTATE EQUITY FII RESPONSABILIDADE LIMITADA,2026-08-01,Ativa,INTRAG DISTRIBUIDORA DE TÍTULOS E VALORES MOBILIÁRIOS LTDA,0.2423508914309894,0.7576491085690106,0.0,5242.0,10883665.46,5.9e-05
RCFA11,27.771.586/0001-44,GRUPO RCFA FUNDO DE INVESTIMENTO IMOBILIARIO,2026-08-01,Ativa,TERRA INVESTIMENTOS DTVM,0.0,1.0,0.0,279.0,10512037.19,7.25e-05
DLMT11,28.108.193/0001-18,DEL MONTE AJAX FUNDO DE INVESTIMENTO IMOBILIÁRIO - FII DE RL,2026-08-01,Ativa,TRUSTEE DISTRIBUIDORA DE TITULOS E VALORES MOBILIARIOS LTDA.,0.0,1.0,0.0,9.0,10319280.21,0.000644
FIGV11,30.578.275/0001-78,FII GV BLUE CHIP,2026-06-01,Ativa,VÓRTX DTVM LTDA,0.0,1.0,0.0,2.0,9201737.59,0.003821
APXR11,52.446.271/0001-79,APEX REALTY FII,2026-08-01,Ativa,BTG PACTUAL SERVICOS FINANCEIROS S.A. DISTRIBUIDOR,0.0,0.9989466484950542,0.0010533515049458188,182.0,8555789.27,0.007076
PRSN11,14.056.001/0001-62,PERSONALE I FUNDO DE INVESTIMENTO IMOBILIÁRIO - FII,2026-08-01,Ativa,OLIVEIRA TRUST DTVM S.A.,0.0,1.0,0.0,484.0,8491885.6,0.001686
FRAM11,22.503.991/0001-68,FII PLANNER 2397 - OPORTUNIDADE I FII,2026-08-01,Ativa,PLANNER CORRETORA DE VALORES S.A.,0.0,0.17310057401983175,0.8268994259801683,1.0,7839335.23,0.0023598939778979
REIT11,16.841.067/0001-99,SINGULARE FUNDO DE INVESTIMENTO IMOBILIÁRIO - FII,2026-08-01,Ativa,QI CORRETORA DE TITULOS E VALORES MOBILIARIOS S.A,,,,59.0,7839137.23,0.00185221
TREV11,13.703.596/0001-38,TREVISO FUNDO DE INVESTIMENTO IMOBILIÁRI,2026-08-01,Ativa,VÓRTX DTVM LTDA,0.0,1.0,0.0,1.0,7781071.71,0.003327
FVRE11,21.826.249/0001-20,VRE DESENVOLVIMENTO III FUNDO DE INVESTIMENTO IMOBILIÁRIO,2026-08-01,Ativa,GENIAL INVESTIMENTOS CORRETORA DE VALORES MOBILIÁRIOS S.A.,0.0,1.0,0.0,140.0,7301808.98,0.0023281901850026
SALI11,36.669.535/0001-05,VENUS FUNDO DE INVESTIMENTO IMOBILIÁRIO,2026-08-01,Definida,VÓRTX DTVM LTDA,0.0,1.0,0.0,2.0,7243760.88,0.005226
JTPR11,23.876.086/0001-16,JT PREV FUNDO DE INVESTIMENTO IMOBILIÁRIO D. HAB,2026-08-01,Ativa,PLANNER CORRETORA DE VALORES S.A.,0.0,1.0,0.0,7.0,6641851.97,0.00167
HYPI11,28.899.178/0001-35,HIRE PROPERTIES I FII RESP LIMITADA,2026-08-01,Ativa,VÓRTX DTVM LTDA,,,,42.0,5978656.94,0.004177
GCOI11,46.285.299/0001-79,GALAPAGOS SPECIAL OPORTUNITIES FII,2026-08-01,Ativa,QI CORRETORA DE TITULOS E VALORES MOBILIARIOS S.A,0.0,0.0,1.0,384.0,5630126.61,0.00274989
SNLG11,40.041.711/0001-29,SUNO LOG FUNDO DE INVESTIMENTO IMOBILIARIO,2026-08-01,Ativa,"XP INVESTIMENTOS CORRETORA DE CÂMBIO, TÍTULOS E VAL MOB S/A",0.0,0.0,1.0,9267.0,5211401.3,0.004797
QTZD11,55.115.058/0001-72,FII QUARTZO REAL ESTATE DEVELOPMENT MULT,2026-08-01,Ativa,VÓRTX DTVM LTDA,0.0,1.0,0.0,31.0,4966661.58,0.00459
AUMT11,65.427.709/0001-13,FUNDO DE INVESTIMENTO IMOBILIÁRIO AURUM TERRA RL,2026-08-01,Ativa,MÉRITO DISTRIBUIDORA DE TÍTULOS E VALORES MOBILIÁRIOS LTDA.,0.0,1.0,0.0,1.0,4901807.61,0.0039
BBFI11,07.000.400/0001-46,BB PROGRESSIVO FII,2026-01-01,Definida,BTG PACTUAL SERVICOS FINANCEIROS S/A DTVM,,,,5522.0,4408674.69,0.37315
HDEL11,44.514.162/0001-13,HEDGE DESENVOLVIMENTO LOGÍSTICO FUNDO DE INV IMOB,2026-08-01,Definida,HEDGE INVESTMENTS DTVM LTDA,1.0,0.0,0.0,131.0,3896533.24,0.00124
PATL11,35.754.164/0001-99,PÁTRIA LOGÍSTICA FII,2026-08-01,Ativa,VÓRTX DTVM LTDA,,,,33546.0,3887731.46,0.014177
VREF11,16.924.913/0001-34,VISTA REAL ESTATE FUNDO DE INVESTIMENTO IMOBILIÁRIO,2026-08-01,Ativa,BANCO GENIAL S.A.,0.0,1.0,0.0,56.0,3130233.17,0.038016337294132
RBDS11,11.945.604/0001-27,RB CAPITAL DESENVOLVIMENTO RESIDENCIAL II FII - FII,2026-08-01,Ativa,OLIVEIRA TRUST DTVM S.A.,0.0,1.0,0.0,797.0,3109368.78,0.0
FRHY11,41.251.077/0001-11,FRONTEIRA MULTI FII,2026-08-01,Definida,.BANCO DAYCOVAL S/A,,,,6.0,2849939.0,0.003921
PNRC11,46.157.348/0001-98,PANORAMA REAL ESTATE CREDITO FII,2026-08-01,Ativa,BRL TRUST DTVM S.A.,0.0,0.0,1.0,103.0,1996029.48,0.0012524865113715
GEOG11,01.964.775/0001-40,FUNDO DE INVESTIMENTO IMOBILIÁRIO GEO GUARARAPES,2026-08-01,Definida,BANCO BMG CONSIGNADO S.A.,,,,6.0,1588875.14,0.0006
BPDR11,55.985.359/0001-57,BASILICA PARTNERS GDR FII RESP LTDA CONSOLIDADA,2026-08-01,Ativa,.BANCO DAYCOVAL S/A,0.0,1.0,0.0,31.0,1580497.82,0.003638
RNOV11,28.893.734/0001-66,IMMOB I FII,2026-04-01,Ativa,BEM DTVM LTDA,,,,1.0,1030926.37,0.036334
ESTQ11,18.497.672/0001-10,FUNDO DE INVESTIMENTO IMOBILIÁRIO POLO ESTOQUE II - FII,2026-08-01,Ativa,OLIVEIRA TRUST DTVM S.A.,,,,5.0,1014173.2,0.0
PRZO11,29.242.809/0001-01,PRAZO EDUCACIONAL - FII - RESPONSABILIDADE LIMITADA,2026-08-01,Ativa,QI CORRETORA DE TITULOS E VALORES MOBILIARIOS S.A,,,,2.0,683697.43,0.00571376
FRBC11,62.962.772/0001-61,FII RBC II FUNDO DE FUNDOS RESP LIMITADA,2026-05-01,Ativa,BRL TRUST DTVM S.A.,,,,456.0,482663.8,0.0165746840761623
RFOF11,34.027.774/0001-28,FII RB CAPITAL I FOF,2026-08-01,Ativa,BRL TRUST DTVM S.A.,,,,3285.0,304732.06,0.0164078567906508
FIIC11,50.716.077/0001-30,CAMPREV PREV FII,2026-08-01,Ativa,BTG PACTUAL SERVICOS FINANCEIROS S.A. DISTRIBUIDOR,,,,1.0,49999.86,1.0
BRIM11,23.964.843/0001-03,BRIO REAL ESTATE II,2026-06-01,Ativa,BRL TRUST DTVM S.A.,,,,714.0,0.0,
LOFT11,19.722.048/0001-31,LOFT I FII RL,2026-08-01,Ativa,BTG PACTUAL SERVICOS FINANCEIROS S/A DTVM,,,,0.0,0.0,0.0
PULV11,53.018.363/0001-10,FII RBR CRED PULVERIZADO RESPON LIMITADA,2026-02-01,Definida,INTER DTVM LTDA.,,,,0.0,0.0,0.0
GBXR11,17.786.606/0001-05,NF CAPITAL II FUNDO DE INVESTIMENTO IMOBILIÁRIO,2026-08-01,Ativa,FINAXIS CORRETORA,-0.0,-0.0,1.0,1.0,-3209800.98,0.005851
GBXP11,20.990.694/0001-69,FGRP FUNDO DE INVESTIMENTO IMOBILIÁRIO,2026-08-01,Ativa,PLANNER CORRETORA DE VALORES S.A.,,,,1.0,-9247113.41,1.0
CXDS11,13.020.465/0001-56,FII CAIXA DESENVOLVIMENTO IMOBILIARIO,2026-08-01,Ativa,CAIXA ECONOMICA FEDERAL,,,,1.0,-12830883.92,0.0
PABY11,00.613.094/0001-74,FII PANAMBY,2026-08-01,Ativa,BANCO GENIAL S.A.,0.0,1.0,0.0,584.0,-26577464.08,0.0
YAGO11,18.265.829/0001-81,YAGO FUNDO DE INVESTIMENTO IMOBILIÁRIO,2026-08-01,Ativa,BRL TRUST DTVM S.A.,,,,6.0,-39816840.5,-0.0629756346438387
