,fii,segmento,preco_ref,ffo_yield,dy,pvp,valor_mercado,liquidez,qtd_imoveis,preco_m2,aluguel_m2,cap_rate,vacancia,div_12m,vp_cota,fonte
0,AAZQ11,Outros,5.54,0.1891,0.0,0.64,133167000,479385,0,0.0,0.0,0.0,0.0,0.0,8.65625,Fundamentus
1,ABCP11,Shoppings,76.59,0.0935,0.0932,0.69,360669000,40628,1,5035.21,593.72,0.11789999999999999,0.0269,7.138188,111.00000000000001,Fundamentus
2,ADSH11,Multicategoria,10.07,0.0007000000000000001,0.0213,1.01,473010000,4058920,6,3961.17,25.65,0.006500000000000001,0.0432,0.214491,9.970297029702971,Fundamentus
3,AEFI11,Outros,174.9,0.0855,0.0,1.75,411893000,0,0,0.0,0.0,0.0,0.0,0.0,99.94285714285715,Fundamentus
4,AERO11,Logística,100.01,0.0,0.0,1.03,62732400,0,0,0.0,0.0,0.0,0.0,0.0,97.09708737864078,Fundamentus
5,AFCR11,Multicategoria,103.15,0.1261,0.0,1.07,498867000,0,0,0.0,0.0,0.0,0.0,0.0,96.4018691588785,Fundamentus
6,AFHF11,Outros,10.29,0.149,0.16579999999999998,1.01,51450000,67702,0,0.0,0.0,0.0,0.0,1.7060819999999997,10.188118811881187,Fundamentus
7,AFHI11,Multicategoria,95.89,0.1027,0.1242,1.0,507144000,852827,0,0.0,0.0,0.0,0.0,11.909538000000001,95.89,Fundamentus
8,AFOF11,Títulos e Val. Mob.,91.6,0.008199999999999999,0.0,12.28,1390540000,0,0,0.0,0.0,0.0,0.0,0.0,7.45928338762215,Fundamentus
9,AGCX11,Varejo,1235.5,0.0053,0.0,11.57,19291500000,0,82,63941.3,468.89,0.0073,0.038599999999999995,0.0,106.7847882454624,Fundamentus
10,AGRX11,Outros,8.03,0.0857,0.0,0.76,143762000,301223,0,0.0,0.0,0.0,0.0,0.0,10.565789473684209,Fundamentus
11,AIEC11,Escritórios,68.93,0.039599999999999996,0.061200000000000004,0.91,332586000,1290940,2,13247.1,218.95,0.0165,0.0,4.218516000000001,75.74725274725276,Fundamentus
12,AJFI11,Shoppings,8.5,0.0719,0.0711,0.81,285821000,269490,12,613.28,56.35,0.0919,0.033,0.6043499999999999,10.493827160493826,Fundamentus
13,ALMI11,Escritórios,615.5,0.0644,0.0649,0.3,68429400,10580,1,1501.23,225.47,0.1502,0.919,39.945949999999996,2051.666666666667,Fundamentus
14,ALZC11,Multicategoria,7.37,0.1079,0.16079999999999997,0.83,208167000,172172,0,0.0,0.0,0.0,0.0,1.1850959999999997,8.879518072289157,Fundamentus
15,ALZM11,Títulos e Val. Mob.,6.4,0.1176,0.0,0.86,97155500,0,0,0.0,0.0,0.0,0.0,0.0,7.44186046511628,Fundamentus
16,ALZR11,Multicategoria,10.21,0.0828,0.09759999999999999,0.95,1678530000,5358480,20,4026.6,336.45,0.0836,0.0,0.996496,10.747368421052633,Fundamentus
17,ALZT11,Títulos e Val. Mob.,33.0,0.1552,0.0,0.79,16500000,0,0,0.0,0.0,0.0,0.0,0.0,41.77215189873417,Fundamentus
18,ANCR11,Shoppings,240.0,0.024399999999999998,0.006,2.0,8605610000,314,11,19697.4,690.98,0.0351,0.0364,1.44,120.0,Fundamentus
19,APTO11,Residencial,7.56,0.13140000000000002,0.1335,0.76,34868400,28208,3,15295.5,1158.25,0.0757,0.0,1.00926,9.94736842105263,Fundamentus
20,APXM11,Shoppings,50.3,0.0848,0.0926,0.4,142306000,108957,1,801.85,219.14,0.2733,1.0,4.65778,125.74999999999999,Fundamentus
21,AQPA11,Escritórios,1.0,0.0,0.0151,1.0,750000000,0,0,0.0,0.0,0.0,0.0,0.0151,1.0,Fundamentus
22,ARCT11,Multicategoria,87.13,-0.6077,0.0,0.86,368999000,0,12,1100.84,99.19,0.0901,0.0,0.0,101.31395348837209,Fundamentus
23,AROA11,Multicategoria,1.13,0.0794,0.0791,1.2,189757000,7634,6,1415.63,121.59,0.0859,0.0,0.08938299999999999,0.9416666666666667,Fundamentus
24,ARRI11,Multicategoria,4.45,0.1414,0.19940000000000002,0.52,92235000,191016,0,0.0,0.0,0.0,0.0,0.8873300000000002,8.557692307692308,Fundamentus
25,ARTE11,Residencial,6.87,0.1366,0.10039999999999999,0.67,65262500,71248,0,0.0,0.0,0.0,0.0,0.6897479999999999,10.253731343283581,Fundamentus
26,ARXD11,Multicategoria,7.75,0.1496,0.1402,0.85,66427000,36162,0,0.0,0.0,0.0,0.0,1.08655,9.117647058823529,Fundamentus
27,ASMT11,Outros,4.1,0.06269999999999999,0.0,0.41,70113800,518,3,4554.15,766.71,0.1684,0.0,0.0,10.0,Fundamentus
28,ASRF11,Multicategoria,12290.0,-0.016200000000000003,0.0,1.3,49160000,5716,2,8697.75,0.0,0.0,0.0,0.0,9453.846153846154,Fundamentus
29,ATSA11,Shoppings,58.1,0.0625,0.061799999999999994,0.79,101741000,183,1,2957.82,199.46,0.0674,0.1582,3.5905799999999997,73.54430379746836,Fundamentus
30,AURB11,Logística,88.88,0.0692,0.0636,1.07,96504100,1485040,2,2418.9,183.22,0.0757,0.08,5.652768,83.06542056074765,Fundamentus
31,AVUR11,Multicategoria,87.12,0.0484,0.1889,0.95,21910700,22458,3,2044.17,0.0,0.0,0.0,16.456968000000003,91.70526315789475,Fundamentus
32,AZPL11,Logística,7.25,0.09570000000000001,0.1249,0.84,303939000,515133,1,1469.44,136.52,0.0929,0.0,0.905525,8.630952380952381,Fundamentus
33,BARI11,Outros,79.2,0.1379,0.0,1.01,367028000,0,1,0.0,0.0,0.0,0.0,0.0,78.41584158415841,Fundamentus
34,BBFI11,Escritórios,629.0,-0.054299999999999994,0.9906,18.55,81770000,0,0,0.0,0.0,0.0,0.0,623.0874,33.908355795148246,Fundamentus
35,BBFO11,Multicategoria,67.8,0.127,0.1523,0.99,271464000,225473,0,0.0,0.0,0.0,0.0,10.32594,68.48484848484848,Fundamentus
36,BBGO11,Outros,65.3,0.2285,0.011899999999999999,0.7,261537000,197372,0,0.0,0.0,0.0,0.0,0.7770699999999999,93.28571428571429,Fundamentus
37,BBIG11,Shoppings,5.74,0.1451,0.1241,0.59,568954000,840184,3,6033.52,716.91,0.1188,0.0106,0.712334,9.728813559322035,Fundamentus
38,BBPO11,Escritórios,96.75,0.1042,0.0,0.95,1540230000,0,61,3690.03,479.56,0.13,0.0144,0.0,101.8421052631579,Fundamentus
39,BBRC11,Outros,102.04,0.11130000000000001,0.1425,0.98,162244000,77355,21,9613.56,1259.51,0.131,0.1253,14.5407,104.12244897959185,Fundamentus
40,BBVJ11,Escritórios,62.99,0.0223,0.0,0.86,197789000,0,1,10225.3,570.89,0.0558,0.43700000000000006,0.0,73.24418604651163,Fundamentus
41,BCFF11,Títulos e Val. Mob.,7.35,0.0806,0.0,0.84,1480960000,0,0,0.0,0.0,0.0,0.0,0.0,8.75,Fundamentus
42,BCIA11,Multicategoria,89.08,0.1245,0.1261,0.92,331292000,273624,0,0.0,0.0,0.0,0.0,11.232987999999999,96.82608695652173,Fundamentus
43,BCRI11,Outros,53.05,0.1703,0.1746,0.63,331980000,359845,0,0.0,0.0,0.0,0.0,9.26253,84.2063492063492,Fundamentus
44,BFCC11,Escritórios,104.96,0.0507,0.0617,1.05,871630000,5,1,27144.8,1770.69,0.0652,0.0,6.476031999999999,99.96190476190475,Fundamentus
45,BGRB11,Escritórios,131.99,0.041100000000000005,0.042800000000000005,1.09,306228000,50120,1,47527.3,3216.17,0.0677,0.050199999999999995,5.649172000000001,121.09174311926606,Fundamentus
46,BICE11,Residencial,400.0,0.09880000000000001,0.1294,0.5,53365600,2926,0,0.0,0.0,0.0,0.0,51.76,800.0,Fundamentus
47,BICR11,Títulos e Val. Mob.,35.92,0.1426,0.0642,0.86,17960000,0,0,0.0,0.0,0.0,0.0,2.3060639999999997,41.76744186046512,Fundamentus
48,BIME11,Outros,4.96,0.1072,0.1573,0.64,28994200,20865,1,0.0,0.0,0.0,0.0,0.780208,7.75,Fundamentus
49,BIPD11,Residencial,989.33,-0.0263,0.0347,0.91,109261000,0,2,3519.73,0.0,0.0,0.0,34.329751,1087.1758241758241,Fundamentus
50,BIPE11,Residencial,1000.0,-0.012199999999999999,0.0298,0.95,96250000,0,0,0.0,0.0,0.0,0.0,29.8,1052.6315789473686,Fundamentus
51,BLCA11,Escritórios,97.56,0.0647,0.1025,0.81,156096000,71946,1,37452.4,3199.65,0.08539999999999999,0.0,9.9999,120.44444444444444,Fundamentus
52,BLCP11,Logística,91.0,0.0541,0.0,0.81,208962000,0,2,3014.16,199.89,0.0663,0.0,0.0,112.34567901234567,Fundamentus
53,BLMC11,Títulos e Val. Mob.,85.75,0.111,0.0,0.91,34257100,0,0,0.0,0.0,0.0,0.0,0.0,94.23076923076923,Fundamentus
54,BLMG11,Multicategoria,31.9,0.14150000000000001,0.145,0.7,148176000,278009,1,2392.9,483.39,0.20199999999999999,0.0,4.6255,45.57142857142857,Fundamentus
55,BLMO11,Escritórios,94.0,0.06509999999999999,0.0616,0.95,93512500,29022,1,11346.8,957.91,0.08439999999999999,0.07719999999999999,5.7904,98.94736842105263,Fundamentus
56,BLMR11,Títulos e Val. Mob.,6.78,0.1017,0.0,0.84,173172000,0,0,0.0,0.0,0.0,0.0,0.0,8.071428571428571,Fundamentus
57,BLOG11,Multicategoria,7.83,0.0438,0.0,0.7,241138000,4,6,1877.08,145.71,0.0776,0.128,0.0,11.185714285714287,Fundamentus
58,BLUR11,Títulos e Val. Mob.,76.03,0.10060000000000001,0.0,0.99,6842700,0,0,0.0,0.0,0.0,0.0,0.0,76.7979797979798,Fundamentus
59,BMLC11,Outros,97.51,0.0973,0.08929999999999999,0.89,97354500,11143,2,12970.4,1414.6,0.1091,0.0,8.707643,109.561797752809,Fundamentus
60,BNFS11,Varejo,36.69,0.2432,0.18989999999999999,0.53,25683000,31660,19,2058.25,650.19,0.3159,0.0154,6.967430999999999,69.22641509433961,Fundamentus
61,BPFF11,Outros,54.52,0.16269999999999998,0.0,0.78,244922000,0,0,0.0,0.0,0.0,0.0,0.0,69.8974358974359,Fundamentus
62,BPML11,Multicategoria,90.51,0.09910000000000001,0.1206,0.76,673552000,658104,4,5034.18,752.61,0.1495,0.0705,10.915506,119.0921052631579,Fundamentus
63,BPRP11,Outros,107.5,0.1056,0.0,0.86,145107000,0,1,6230.68,692.07,0.11109999999999999,0.0,0.0,125.0,Fundamentus
64,BRCO11,Logística,111.12,0.0746,0.09820000000000001,0.97,2002530000,5905090,14,3766.88,312.19,0.08289999999999999,0.0953,10.911984000000002,114.55670103092784,Fundamentus
65,BRCR11,Multicategoria,42.29,0.1157,0.1152,0.52,1126530000,1647370,5,7676.37,1282.85,0.1671,0.402,4.871808,81.32692307692307,Fundamentus
66,BREV11,Híbrido,105.0,0.0659,0.0,0.0,101556000,0,13,0.0,1437.55,0.0,0.0,0.0,,Fundamentus
67,BRIM11,Residencial,95.0,-0.1834,0.0,8.34,11793000,0,0,0.0,0.0,0.0,0.0,0.0,11.390887290167866,Fundamentus
68,BRIP11,Residencial,380.0,-0.0805,0.0,0.66,81880500,2135,0,0.0,0.0,0.0,0.0,0.0,575.7575757575758,Fundamentus
69,BRLA11,Logística,148.0,0.07730000000000001,0.0533,0.89,724795000,0,10,1083.6,86.3,0.0796,0.0,7.8884,166.29213483146066,Fundamentus
70,BROF11,Multicategoria,63.19,0.10400000000000001,0.1042,0.58,733687000,842332,1,8352.38,1122.23,0.1344,0.098,6.584398,108.94827586206897,Fundamentus
71,BTAL11,Logística,84.15,0.1351,0.0407,0.73,503447000,533339,9,1373.3,186.41,0.13570000000000002,0.0,3.4249050000000003,115.27397260273973,Fundamentus
72,BTCI11,Outros,8.82,0.1322,0.1318,0.87,877777000,3314740,0,0.0,0.0,0.0,0.0,1.162476,10.13793103448276,Fundamentus
73,BTCR11,Títulos e Val. Mob.,88.0,0.12480000000000001,0.0,0.92,423289000,0,0,0.0,0.0,0.0,0.0,0.0,95.65217391304347,Fundamentus
74,BTHF11,Outros,8.9,0.11789999999999999,0.1321,0.93,1832040000,3971230,0,0.0,0.0,0.0,0.0,1.17569,9.56989247311828,Fundamentus
75,BTHI11,Hotel,45.0,0.0913,0.10800000000000001,0.7,414833000,29529,14,8160.88,835.25,0.1023,0.0,4.86,64.28571428571429,Fundamentus
76,BTLG11,Multicategoria,101.0,0.06509999999999999,0.0944,0.95,7164970000,19359400,30,3515.79,278.9,0.0793,0.0216,9.5344,106.31578947368422,Fundamentus
77,BTML11,Shoppings,111.28,0.0981,0.1166,0.76,126206000,0,2,22791.7,2424.52,0.10640000000000001,0.09699999999999999,12.975247999999999,146.42105263157896,Fundamentus
78,BTRA11,Outros,70.75,0.0885,0.025099999999999997,0.62,238043000,216102,5,1.65,0.16,0.0964,0.0576,1.7758249999999998,114.11290322580645,Fundamentus
79,BTRU11,Outros,87.0,0.0753,0.10980000000000001,1.0,774189000,11109700,25,19658.7,1897.42,0.0965,0.0,9.5526,87.0,Fundamentus
80,BTSG11,Logística,146.92,0.0821,0.0345,0.94,113865000,0,1,6035.8,537.09,0.08900000000000001,0.0,5.06874,156.29787234042553,Fundamentus
81,BTSI11,Outros,110.0,0.07980000000000001,0.08900000000000001,0.89,701136000,83779,5,2076.53,175.77,0.08460000000000001,0.0,9.790000000000001,123.59550561797752,Fundamentus
82,BTWR11,Escritórios,90.0,0.10289999999999999,0.09539999999999998,0.71,72834300,0,1,3638.08,541.97,0.149,0.08,8.585999999999999,126.7605633802817,Fundamentus
83,BTYU11,Outros,535.0,0.2125,0.18989999999999999,0.53,160500000,8046,8,4.33,0.0,0.0,0.0,101.59649999999999,1009.4339622641509,Fundamentus
84,BVAR11,Varejo,1144.33,0.0382,0.1875,1.68,715824000,0,35,7057.99,359.31,0.0509,0.33390000000000003,214.561875,681.1488095238095,Fundamentus
85,CACR11,Multicategoria,14.01,-0.5232,0.6261,0.15,67756900,400382,0,0.0,0.0,0.0,0.0,8.771661,93.4,Fundamentus
86,CARE11,Multicategoria,4.51,0.0553,0.0,0.13,32477500,13304,1,0.0,0.0,0.0,0.0,0.0,34.692307692307686,Fundamentus
87,CBOP11,Escritórios,29.5,0.042699999999999995,0.076,0.41,41742500,18803,1,2471.87,319.82,0.1294,0.23199999999999998,2.242,71.95121951219512,Fundamentus
88,CCME11,Multicategoria,9.0,0.1174,0.11349999999999999,0.86,610174000,173448,2,4999.01,463.34,0.09269999999999999,0.7498999999999999,1.0214999999999999,10.465116279069768,Fundamentus
89,CCRF11,Títulos e Val. Mob.,92.5,0.0716,0.0,0.95,145401000,0,0,0.0,0.0,0.0,0.0,0.0,97.36842105263159,Fundamentus
90,CCVA11,Hospital,100.07,0.0702,0.061200000000000004,0.97,62816300,0,1,28148.8,2709.45,0.09630000000000001,0.0,6.124284,103.16494845360825,Fundamentus
91,CEOC11,Escritórios,41.56,0.1578,0.13269999999999998,0.61,75460300,27601,1,5174.23,857.32,0.16570000000000001,0.0,5.515012,68.1311475409836,Fundamentus
92,CFHI11,Multicategoria,20.1,0.5895,0.2612,0.76,1901460,0,4,0.0,0.0,0.0,0.0,5.25012,26.447368421052634,Fundamentus
93,CFII11,Multicategoria,365.0,0.15289999999999998,0.5837,1.76,46106400,34,8,18494.0,1265.97,0.06849999999999999,0.0,213.0505,207.38636363636363,Fundamentus
94,CJCT11,Escritórios,79.99,0.0383,0.0398,0.99,263567000,1944,1,13227.6,844.56,0.0638,0.27899999999999997,3.183602,80.79797979797979,Fundamentus
95,CLIN11,Outros,86.91,0.1346,0.1365,0.88,377777000,784580,0,0.0,0.0,0.0,0.0,11.863215,98.76136363636363,Fundamentus
96,CNES11,Escritórios,1.7,0.0492,0.044199999999999996,0.27,58029200,192330,1,181.33,35.44,0.1954,0.5463,0.07514,6.296296296296296,Fundamentus
97,COPP11,Outros,103.0,0.0499,0.0,0.94,290462000,0,3,5.42,0.25,0.0463,0.18,0.0,109.57446808510639,Fundamentus
98,CORM11,Outros,81.0,0.045700000000000005,0.0,0.85,87581800,0,3,7193.96,755.12,0.105,0.0,0.0,95.29411764705883,Fundamentus
99,CPFF11,Títulos e Val. Mob.,69.9,0.1807,0.0,1.12,75470800,0,0,0.0,0.0,0.0,0.0,0.0,62.410714285714285,Fundamentus
100,CPLG11,Logística,11.0,0.0179,0.159,1.02,619913000,1311370,2,15.26,0.08,0.0055000000000000005,0.0,1.749,10.784313725490195,Fundamentus
101,CPOF11,Outros,118.0,0.0068000000000000005,0.0373,0.89,647735000,15716100,4,14177.1,1103.26,0.07780000000000001,0.1672,4.4014,132.58426966292134,Fundamentus
102,CPSH11,Shoppings,9.98,0.0381,0.13470000000000001,0.87,1229180000,3667900,4,1429.84,115.55,0.0808,0.0687,1.3443060000000002,11.471264367816092,Fundamentus
103,CPTR11,Outros,7.5,1.2712999999999999,0.0,0.76,148685000,242226,0,0.0,0.0,0.0,0.0,0.0,9.868421052631579,Fundamentus
104,CPTS11,Outros,7.67,0.0593,0.1391,0.9,2788070000,6871390,0,0.0,0.0,0.0,0.0,1.066897,8.522222222222222,Fundamentus
105,CPUR11,Multicategoria,10.34,0.07429999999999999,0.1092,1.04,701318000,4380010,14,8491.55,614.78,0.0724,0.0116,1.1291280000000001,9.942307692307692,Fundamentus
106,CRAA11,Títulos e Val. Mob.,93.89,0.086,0.0,0.92,222504000,648959,0,0.0,0.0,0.0,0.0,0.0,102.05434782608695,Fundamentus
107,CRFF11,Multicategoria,66.35,0.10859999999999999,0.11470000000000001,0.82,45784200,12508,0,0.0,0.0,0.0,0.0,7.610345,80.91463414634146,Fundamentus
108,CTXT11,Escritórios,4.71,-0.2452,0.0,0.31,30685100,241,1,647.59,11.63,0.018000000000000002,1.0,0.0,15.193548387096774,Fundamentus
109,CVBI11,Outros,82.78,0.1459,0.1435,0.89,911427000,3128870,0,0.0,0.0,0.0,0.0,11.878929999999999,93.01123595505618,Fundamentus
110,CXAG11,Varejo,72.0,0.12689999999999999,0.1204,0.7,150525000,339477,31,2616.64,365.01,0.13949999999999999,0.0,8.6688,102.85714285714286,Fundamentus
111,CXCE11,Escritórios,40.87,0.14400000000000002,0.1375,0.65,70008300,24691,1,3276.97,511.51,0.1561,0.0,5.619625,62.87692307692307,Fundamentus
112,CXCI11,Multicategoria,65.5,0.141,0.1388,0.85,134781000,70150,0,0.0,0.0,0.0,0.0,9.0914,77.05882352941177,Fundamentus
113,CXCO11,Multicategoria,70.8,0.1307,0.1265,0.73,277855000,145049,10,2767.07,427.21,0.15439999999999998,0.0,8.956199999999999,96.98630136986301,Fundamentus
114,CXRI11,Multicategoria,68.0,0.1048,0.1092,0.84,107152000,135850,0,0.0,0.0,0.0,0.0,7.4256,80.95238095238095,Fundamentus
115,CXTL11,Logística,349.99,0.0697,0.024900000000000002,0.84,18758400,182791,1,2645.61,508.81,0.1923,0.0,8.714751000000001,416.6547619047619,Fundamentus
116,CYLD11,Logística,129.2,-0.045,0.17350000000000002,1.1,160447000,325,0,0.0,0.0,0.0,0.0,22.4162,117.45454545454544,Fundamentus
117,DAMA11,Multicategoria,6.54,0.1441,0.1097,0.95,36212200,4246,0,0.0,0.0,0.0,0.0,0.717438,6.88421052631579,Fundamentus
118,DAMT11,Shoppings,11.2,0.1155,0.1099,0.8,199133000,493,2,1145.78,130.7,0.11410000000000001,0.0672,1.23088,13.999999999999998,Fundamentus
119,DAYM11,Outros,4.02,0.10310000000000001,0.1075,0.42,68745800,7722,6,4318.09,1064.87,0.2466,0.0,0.4321499999999999,9.571428571428571,Fundamentus
120,DCRA11,Outros,6.33,0.22390000000000002,0.0,0.65,42657300,54593,0,0.0,0.0,0.0,0.0,0.0,9.738461538461538,Fundamentus
121,DEVA11,Multicategoria,17.35,0.2397,0.2245,0.18,243679000,410287,0,0.0,0.0,0.0,0.0,3.8950750000000003,96.3888888888889,Fundamentus
122,DMAC11,Residencial,13.0,-7.585,0.0,2.61,2029400,0,0,0.0,0.0,0.0,0.0,0.0,4.980842911877395,Fundamentus
123,DOMC11,Multicategoria,439.0,0.0078000000000000005,0.0,4.13,1072830000,0,2,25593.6,364.83,0.0143,0.133,0.0,106.2953995157385,Fundamentus
124,DOVL11,Escritórios,583.04,0.1405,0.1363,1.0,38717400,0,2,2165.02,610.09,0.2818,0.0,79.468352,583.04,Fundamentus
125,DPRO11,Multicategoria,5.32,0.139,0.1341,0.57,26617100,918,1,1614.11,266.84,0.1653,0.0,0.713412,9.333333333333334,Fundamentus
126,DRIT11,Lajes Corporativas,8.68,0.6970000000000001,0.0,0.06,4021240,0,5,400.14,474.83,1.1867,0.0,0.0,144.66666666666666,Fundamentus
127,DVFF11,Outros,5.55,0.2379,0.1852,0.71,61102700,42200,0,0.0,0.0,0.0,0.0,1.02786,7.816901408450704,Fundamentus
128,DVLP11,Multicategoria,141.9,0.0001,0.0276,0.99,100958000,29220,0,0.0,0.0,0.0,0.0,3.91644,143.33333333333334,Fundamentus
129,DVLT11,Multicategoria,103.41,-0.0027,0.005,1.0,52918500,0,0,0.0,0.0,0.0,0.0,0.51705,103.41,Fundamentus
130,EBTA11,Escritórios,1.2,0.076,0.0171,0.81,599886000,1,1,25320.0,2095.41,0.0828,0.09570000000000001,0.02052,1.4814814814814814,Fundamentus
131,EDFO11,Residencial,136.99,0.0689,0.0727,0.72,40891500,7714,1,122458.0,14160.49,0.11560000000000001,1.0003,9.959173000000002,190.2638888888889,Fundamentus
132,EDGA11,Multicategoria,13.84,0.0806,0.0492,0.33,52758800,36721,1,2031.35,354.55,0.1745,0.2709,0.680928,41.93939393939394,Fundamentus
133,EDGE11,Multicategoria,850.0,0.1821,0.2112,0.78,9718900,552,0,0.0,0.0,0.0,0.0,179.52,1089.7435897435896,Fundamentus
134,EGAF11,Títulos e Val. Mob.,81.6,0.1552,0.0,0.82,255564000,659603,0,0.0,0.0,0.0,0.0,0.0,99.51219512195122,Fundamentus
135,EIRA11,Multicategoria,104.59,0.0834,0.1371,1.01,36218400,370828,0,0.0,0.0,0.0,0.0,14.339289,103.55445544554456,Fundamentus
136,ELDO11B,Shoppings,1104.31,0.1134,0.0354,0.64,869375000,0,1,11465.0,1550.31,0.1352,0.0116,39.092574,1725.4843749999998,Fundamentus
137,EMET11,Multicategoria,9.29,0.0369,0.1553,1.01,46450000,232959,0,0.0,0.0,0.0,0.0,1.4427369999999997,9.198019801980196,Fundamentus
138,EQIN11,Multicategoria,7.29,0.154,0.0,0.8,122098000,0,0,0.0,0.0,0.0,0.0,0.0,9.112499999999999,Fundamentus
139,EQIR11,Multicategoria,8.47,0.14150000000000001,0.1399,0.88,92401900,47558,0,0.0,0.0,0.0,0.0,1.1849530000000001,9.625,Fundamentus
140,ERCR11,Residencial,5008.34,-0.061,0.0,0.54,11899800,0,0,0.0,0.0,0.0,0.0,0.0,9274.703703703703,Fundamentus
141,ERPA11,Multicategoria,125.49,0.08929999999999999,0.0886,0.76,62860700,19777,1,18600.6,1842.24,0.099,0.0,11.118414,165.11842105263156,Fundamentus
142,EURO11,Logística,315.0,0.0837,0.083,0.8,129113000,69672,8,1008.44,104.07,0.1032,0.0,26.145000000000003,393.75,Fundamentus
143,EVBI11,Multicategoria,9.5,0.0493,0.0559,0.97,546231000,0,11,6565.94,343.08,0.052300000000000006,0.0049,0.53105,9.793814432989691,Fundamentus
144,EXES11,Multicategoria,9.44,0.1492,0.1629,0.98,133118000,194902,0,0.0,0.0,0.0,0.0,1.5377759999999998,9.63265306122449,Fundamentus
145,FAED11,Outros,156.94,0.1306,0.1298,0.7,108662000,69039,4,2349.26,333.89,0.1421,0.0,20.370812,224.20000000000002,Fundamentus
146,FAMB11,Residencial,710.0,-0.062400000000000004,0.0,0.74,87002000,9774,1,1471.74,109.18,0.0742,0.9801000000000001,0.0,959.4594594594595,Fundamentus
147,FATN11,Multicategoria,85.98,0.0629,0.1013,0.88,607874000,1651920,63,26086.2,2641.18,0.1012,0.2347,8.709774000000001,97.70454545454545,Fundamentus
148,FCFL11,Multicategoria,123.0,0.08960000000000001,0.08929999999999999,0.98,427303000,142183,1,13583.7,1283.04,0.09449999999999999,0.0,10.983899999999998,125.51020408163265,Fundamentus
149,FEXC11,Outros,83.5,0.0131,0.0,8.44,8310020000,0,0,0.0,0.0,0.0,0.0,0.0,9.893364928909953,Fundamentus
150,FFCI11,Escritórios,182.03,0.0363,0.0,0.9,671817000,0,9,17089.9,1216.83,0.0712,0.0649,0.0,202.25555555555556,Fundamentus
151,FGAA11,Outros,8.17,0.1618,0.0125,0.87,368315000,688047,0,0.0,0.0,0.0,0.0,0.10212500000000001,9.39080459770115,Fundamentus
152,FIGS11,Shoppings,49.0,0.1137,0.1167,0.7,139650000,202757,2,2126.45,246.83,0.1161,0.07150000000000001,5.7183,70.0,Fundamentus
153,FIIB11,Logística,442.33,0.08929999999999999,0.08199999999999999,0.75,302996000,208028,11,547.87,55.47,0.1012,0.0096,36.27105999999999,589.7733333333333,Fundamentus
154,FIIP11,Logística,131.77,0.1338,0.12689999999999999,0.66,122172000,225820,7,1737.2,265.49,0.1528,0.0,16.721612999999998,199.65151515151516,Fundamentus
155,FISC11,Escritórios,66.0,0.0989,0.10640000000000001,0.59,112200000,1757,4,8966.2,1106.5,0.1234,0.0,7.0224,111.86440677966102,Fundamentus
156,FISD11,Títulos e Val. Mob.,203.32,-0.21059999999999998,0.0,3.41,218079000,0,1,0.0,0.0,0.0,0.0,0.0,59.62463343108504,Fundamentus
157,FIXX11,Outros,91.93,0.0146,0.0,7.57,1723330000,118964,0,0.0,0.0,0.0,0.0,0.0,12.143989431968297,Fundamentus
158,FLCR11,Outros,93.04,0.192,0.13849999999999998,0.99,69951600,151799,0,0.0,0.0,0.0,0.0,12.88604,93.979797979798,Fundamentus
159,FLFL11,Escritórios,100.0,0.0583,0.0,0.81,345426000,0,1,31205.9,2130.29,0.0683,0.17629999999999998,0.0,123.45679012345678,Fundamentus
160,FLMA11,Escritórios,160.0,0.0886,0.0874,0.64,220907000,55862,1,19347.8,2179.52,0.11259999999999999,0.0,13.984000000000002,250.0,Fundamentus
161,FLRP11,Shoppings,20.17,0.08779999999999999,0.0886,0.96,156318000,18534,1,3009.54,286.85,0.0953,0.0169,1.7870620000000002,21.010416666666668,Fundamentus
162,FMOF11,Escritórios,31.0,0.0387,0.0953,0.69,15748200,1116,0,0.0,0.0,0.0,0.0,2.9543,44.92753623188406,Fundamentus
163,FPAB11,Escritórios,205.99,0.0659,0.1121,0.58,154492000,16755,2,4212.31,386.54,0.09179999999999999,0.19,23.091479000000003,355.15517241379314,Fundamentus
164,FPNG11,Multicategoria,349.99,0.0301,0.0,1.61,1065180000,181,8,78034.2,3497.54,0.044800000000000006,0.0167,0.0,217.38509316770185,Fundamentus
165,FRBR11,Multicategoria,103.71,0.09230000000000001,0.0,1.08,1324330000,0,0,0.0,0.0,0.0,0.0,0.0,96.02777777777777,Fundamentus
166,FTCA11,Outros,6.94,0.2354,0.0,0.65,30952100,47123,0,0.0,0.0,0.0,0.0,0.0,10.676923076923076,Fundamentus
167,FTCE11,Multicategoria,2914.9,-0.0984,0.0275,0.98,3947180000,0,85,30098.1,977.04,0.0325,0.63,80.15975,2974.387755102041,Fundamentus
168,FVBI11,Lajes Corporativas,159.71,0.0,0.0,0.0,0,0,1,0.0,636.95,0.0,0.0,0.0,,Fundamentus
169,FVPQ11,Shoppings,50.76,0.0825,0.08710000000000001,0.55,142136000,30799,1,2436.68,226.05,0.0928,0.1691,4.421196,92.29090909090908,Fundamentus
170,FYTO11,Multicategoria,8.05,0.15289999999999998,0.1482,0.8,123015000,107692,0,0.0,0.0,0.0,0.0,1.1930100000000001,10.0625,Fundamentus
171,FZDA11,Outros,130.0,0.032400000000000005,0.0,0.72,201500000,1744,6,2.3,0.09,0.0392,0.0,0.0,180.55555555555557,Fundamentus
172,FZDB11,Outros,158.87,0.025099999999999997,0.0,0.89,571932000,37,40,4.08,0.13,0.0308,0.0,0.0,178.5056179775281,Fundamentus
173,GALG11,Multicategoria,9.08,0.0799,0.0,0.98,1338920000,0,4,327.63,27.64,0.08439999999999999,0.0,0.0,9.26530612244898,Fundamentus
174,GAME11,Outros,8.79,0.0782,0.13269999999999998,0.94,249866000,316741,0,0.0,0.0,0.0,0.0,1.1664329999999998,9.351063829787234,Fundamentus
175,GARE11,Multicategoria,8.46,0.0784,0.1165,0.93,2446520000,6642470,3,198.94,19.4,0.0975,0.0,0.9855900000000002,9.096774193548388,Fundamentus
176,GCFF11,Títulos e Val. Mob.,69.3,0.1204,0.0,0.89,24981100,0,0,0.0,0.0,0.0,0.0,0.0,77.86516853932584,Fundamentus
177,GCOI11,Residencial,50.74,-0.018600000000000002,0.8012999999999999,1.02,5733620,1,0,0.0,0.0,0.0,0.0,40.657962,49.74509803921569,Fundamentus
178,GCRA11,Multicategoria,50.07,0.1426,0.0,0.59,87665800,258327,0,0.0,0.0,0.0,0.0,0.0,84.86440677966102,Fundamentus
179,GCRI11,Multicategoria,69.38,0.10439999999999999,0.14400000000000002,0.75,100869000,201764,1,1468.3,0.0,0.0,0.0,9.990720000000001,92.50666666666666,Fundamentus
180,GESE11B,Outros,1520.0,0.1139,0.0,1.36,79040000,0,1,0.0,725.37,0.0,0.0,0.0,1117.6470588235293,Fundamentus
181,GFDL11,Logística,120.4,0.0042,0.0,1.23,35009800,32320,0,0.0,0.0,0.0,0.0,0.0,97.88617886178862,Fundamentus
182,GGRC11,Multicategoria,9.08,0.0447,0.1307,0.83,3139040000,18709000,48,1140.33,86.65,0.076,0.0,1.1867560000000001,10.93975903614458,Fundamentus
183,GLCR11,Multicategoria,94.99,0.08410000000000001,0.11259999999999999,1.01,47315500,803,0,0.0,0.0,0.0,0.0,10.695873999999998,94.04950495049505,Fundamentus
184,GLOG11,Logística,75.0,0.0725,0.0528,0.69,56250000,0,1,781.92,76.45,0.0978,0.0,3.96,108.69565217391305,Fundamentus
185,GLPF11,Logística,109.53,0.0932,0.0908,1.04,164843000,35117,0,0.0,0.0,0.0,0.0,9.945324000000001,105.3173076923077,Fundamentus
186,GRLV11,Logística,145.5,0.0572,0.0,24.38,156199000,0,1,0.0,183.0,0.0,0.0369,0.0,5.968006562756358,Fundamentus
187,GRUL11,Logística,8.16,0.1209,0.1165,0.84,201552000,239193,1,3338.07,404.63,0.12119999999999999,0.0,0.95064,9.714285714285715,Fundamentus
188,GRWA11,Outros,7.25,0.1341,0.0,0.72,19999000,8804,0,0.0,0.0,0.0,0.0,0.0,10.069444444444445,Fundamentus
189,GSFI11,Shoppings,12.0,0.0,0.0091,0.93,1153280000,6266510,0,0.0,0.0,0.0,0.0,0.1092,12.903225806451612,Fundamentus
190,GTLG11,Logística,63.99,0.1375,0.0,0.7,459000000,0,5,2714.27,318.12,0.11720000000000001,0.0169,0.0,91.41428571428573,Fundamentus
191,GTWR11,Escritórios,79.16,0.1355,0.1349,0.78,949920000,815287,3,5737.13,805.59,0.1404,0.0,10.678683999999999,101.48717948717947,Fundamentus
192,GURB11,Shoppings,108.0,0.10460000000000001,0.0,0.94,122597000,0,2,21746.7,2369.56,0.109,0.09699999999999999,0.0,114.8936170212766,Fundamentus
193,GWIR11,Shoppings,175.99,0.027999999999999997,0.0,0.74,67231200,0,0,0.0,0.0,0.0421,0.0,0.0,237.82432432432435,Fundamentus
194,GZIT11,Multicategoria,37.46,0.1293,0.18789999999999998,0.43,872737000,302907,6,7134.88,1106.96,0.1551,0.0375,7.038734,87.11627906976744,Fundamentus
195,HAAA11,Escritórios,56.0,0.058899999999999994,0.0125,0.86,193480000,821,2,16120.4,1267.31,0.0786,0.1918,0.7000000000000001,65.11627906976744,Fundamentus
196,HABT11,Multicategoria,65.01,0.16510000000000002,0.1727,0.7,528322000,948569,0,0.0,0.0,0.0,0.0,11.227227000000001,92.87142857142858,Fundamentus
197,HBCR11,Multicategoria,143.42,0.054900000000000004,0.044800000000000006,1.1,229472000,1860520,3,1904.3,212.32,0.1115,0.0,6.425216000000001,130.38181818181815,Fundamentus
198,HBRH11,Multicategoria,90.8,0.0463,0.0,0.81,256345000,0,5,8349.82,606.9,0.0727,0.028300000000000002,0.0,112.09876543209876,Fundamentus
199,HBTT11,Títulos e Val. Mob.,1055.0,0.0653,0.0,1.19,190126000,0,0,0.0,0.0,0.0,0.0,0.0,886.5546218487395,Fundamentus
200,HCHG11,Outros,61.98,0.11900000000000001,0.10300000000000001,0.77,74376000,0,0,0.0,0.0,0.0,0.0,6.38394,80.49350649350649,Fundamentus
201,HCRI11,Hospital,278.06,0.3418,0.17489999999999997,0.84,55612000,23784,2,8344.55,2223.58,0.26649999999999996,0.0,48.632693999999994,331.0238095238095,Fundamentus
202,HCTR11,Multicategoria,13.08,0.2724,0.2482,0.12,288861000,574120,0,0.0,0.0,0.0,0.0,3.2464560000000002,109.0,Fundamentus
203,HDEL11,Logística,3.27,5.7522,0.4783,0.7,2746800,4,0,0.0,0.0,0.0,0.0,1.564041,4.671428571428572,Fundamentus
204,HFOF11,Multicategoria,6.38,0.11960000000000001,0.1099,0.84,1389760000,1555930,0,0.0,0.0,0.0,0.0,0.701162,7.595238095238096,Fundamentus
205,HGAG11,Outros,15.0,0.0431,0.0,0.64,3723780,533,0,0.0,0.0,0.0,0.0,0.0,23.4375,Fundamentus
206,HGBL11,Logística,9.11,0.0913,0.09539999999999998,0.99,239245000,69528,0,0.0,0.0,0.0,0.0,0.8690939999999998,9.2020202020202,Fundamentus
207,HGBS11,Shoppings,18.69,0.0848,0.1045,0.93,2698010000,5461740,15,4526.77,486.55,0.1075,0.042800000000000005,1.953105,20.096774193548388,Fundamentus
208,HGCR11,Outros,94.6,0.11320000000000001,0.1223,0.97,1458550000,3386780,0,0.0,0.0,0.0,0.0,11.56958,97.52577319587628,Fundamentus
209,HGFF11,Outros,62.38,0.1446,0.0,0.77,178631000,0,0,0.0,0.0,0.0,0.0,0.0,81.01298701298701,Fundamentus
210,HGIC11,Multicategoria,46.89,0.10949999999999999,0.1739,0.42,21696300,5269,2,982.31,0.0,0.0,0.0,8.154171,111.64285714285715,Fundamentus
211,HGJH11,Escritórios,191.29,0.0955,0.0,0.55,335342000,0,2,26273.6,2781.85,0.1059,0.0342,0.0,347.79999999999995,Fundamentus
212,HGLG11,Multicategoria,150.3,0.0741,0.0886,0.91,6853940000,20821900,37,3093.82,278.0,0.08990000000000001,0.0241,13.31658,165.16483516483518,Fundamentus
213,HGPO11,Escritórios,153.42,-0.006,1.2605,3.11,268954000,0,0,0.0,0.0,0.0,0.0,193.38590999999997,49.33118971061093,Fundamentus
214,HGRE11,Escritórios,119.3,0.0754,0.0955,0.79,1409860000,2201700,12,8174.87,856.45,0.1048,0.0593,11.39315,151.01265822784808,Fundamentus
215,HGRU11,Outros,117.9,0.076,0.1,0.92,2927950000,9180420,98,4533.16,426.34,0.094,0.008100000000000001,11.790000000000001,128.15217391304347,Fundamentus
216,HILG11,Logística,186.81,-0.0102,0.7036,0.88,98309500,0,1,86.48,99.2,1.147,0.0,131.439516,212.2840909090909,Fundamentus
217,HIRE11,Outros,100.36,0.056299999999999996,0.0821,1.0,275017000,4197450,4,11394.9,313.46,0.0275,0.0,8.239556,100.36,Fundamentus
218,HJCT11,Escritórios,129.0,0.0596,0.09230000000000001,1.23,167216000,18,1,15132.4,459.88,0.0304,0.0,11.9067,104.8780487804878,Fundamentus
219,HLOG11,Logística,9.29,0.102,0.1014,0.78,394825000,52052,2,2055.66,251.33,0.1223,0.0,0.9420059999999999,11.910256410256409,Fundamentus
220,HMOC11,Shoppings,226.95,0.0217,0.0,0.95,86698800,0,0,0.0,0.0,0.0327,0.0,0.0,238.89473684210526,Fundamentus
221,HOFC11,Escritórios,34.89,-0.0433,0.0,0.54,125573000,148508,2,1912.53,410.55,0.2147,0.5184000000000001,0.0,64.61111111111111,Fundamentus
222,HOSI11,Residencial,76.8,-0.011899999999999999,0.0199,0.62,44041000,3502,1,307.63,0.0,0.0,0.0,1.5283200000000001,123.87096774193547,Fundamentus
223,HPDP11,Shoppings,90.0,0.057999999999999996,0.0876,0.96,634589000,497865,1,4799.1,258.68,0.053899999999999997,0.019299999999999998,7.8839999999999995,93.75,Fundamentus
224,HRDF11,Multicategoria,3.96,-0.0149,0.0,0.5,6009000,50,0,0.0,0.0,0.0,0.0,0.0,7.92,Fundamentus
225,HREC11,Multicategoria,8.49,0.11599999999999999,0.1223,0.96,438813000,298815,0,0.0,0.0,0.0,0.0,1.038327,8.84375,Fundamentus
226,HRES11,Multicategoria,145.45,0.2692,0.262,1.88,68105800,0,0,0.0,0.0,0.0,0.0,38.1079,77.36702127659575,Fundamentus
227,HSAF11,Outros,76.24,0.1527,0.1476,0.85,192610000,426580,0,0.0,0.0,0.0,0.0,11.253024,89.69411764705882,Fundamentus
228,HSLG11,Logística,84.75,0.111,0.1025,0.77,1072940000,1141650,6,1712.81,193.67,0.1131,0.0,8.686874999999999,110.06493506493506,Fundamentus
229,HSML11,Shoppings,84.23,0.0537,0.10189999999999999,0.85,1796620000,3955900,10,6743.05,798.63,0.1184,0.8628,8.583037,99.09411764705884,Fundamentus
230,HSRE11,Outros,86.45,0.0758,0.1014,1.0,769295000,2953,25,19484.8,1897.42,0.0974,0.0,8.76603,86.45,Fundamentus
231,HTMX11,Hotel,136.0,0.0723,0.1232,0.92,392781000,321145,20,7010.05,657.68,0.09380000000000001,0.9912000000000001,16.755200000000002,147.82608695652172,Fundamentus
232,HUCG11,Hospital,86.03,0.10529999999999999,0.0949,0.68,96392100,1954,2,3395.85,439.81,0.1295,0.0,8.164247,126.51470588235293,Fundamentus
233,HUSC11,Outros,96.01,0.102,0.142,0.64,81687300,0,1,1086.15,122.92,0.11320000000000001,0.0,13.63342,150.015625,Fundamentus
234,HUSI11,Hospital,1199.99,0.0942,0.0931,0.91,139633000,753,1,6799.02,672.99,0.099,0.0,111.719069,1318.6703296703297,Fundamentus
235,HYPI11,Multicategoria,181.5,-0.037200000000000004,0.6318,39.66,237094000,0,0,0.0,0.0,0.0,0.0,114.6717,4.576399394856279,Fundamentus
236,IAAG11,Outros,7.4,0.17920000000000003,0.0435,0.75,77360900,178879,0,0.0,0.0,0.0,0.0,0.3219,9.866666666666667,Fundamentus
237,IAGR11,Multicategoria,4.22,0.0004,0.0,0.68,11807300,5522,0,0.0,0.0,0.0,0.0,0.0,6.205882352941176,Fundamentus
238,IBBP11,Logística,8.13,0.0571,0.1137,0.83,830012000,882482,55,3127.28,219.27,0.0701,0.0023,0.924381,9.795180722891567,Fundamentus
239,IBCR11,Outros,46.31,0.1009,0.16010000000000002,0.52,44384600,97542,0,0.0,0.0,0.0,0.0,7.414231000000001,89.0576923076923,Fundamentus
240,IBFF11,Títulos e Val. Mob.,66.4,0.0828,0.0,0.93,44267600,0,0,0.0,0.0,0.0,0.0,0.0,71.3978494623656,Fundamentus
241,ICNE11,Residencial,500.0,0.27699999999999997,0.5705,0.98,60000000,152,0,0.0,0.0,0.0,0.0,285.25,510.2040816326531,Fundamentus
242,ICRI11,Outros,88.95,0.1381,0.1356,0.89,343112000,653781,0,0.0,0.0,0.0,0.0,12.06162,99.9438202247191,Fundamentus
243,IDFI11,Títulos e Val. Mob.,2.0,0.1641,0.0,0.46,4115850,0,2,0.0,0.0,0.0,0.0,0.0,4.3478260869565215,Fundamentus
244,IDGR11,Híbrido,1.5,-0.1505,0.0,0.0,1325040,0,0,0.0,0.0,0.0,0.0,0.0,,Fundamentus
245,IDUA11,Multicategoria,29.06,0.1837,0.005,3.91,11691200,1,0,0.0,0.0,0.0,0.0,0.14529999999999998,7.432225063938619,Fundamentus
246,IFID11,Outros,80.06,0.0766,0.0,1.25,59897000,0,0,0.0,0.0,0.0,0.0,0.0,64.048,Fundamentus
247,IFIE11,Outros,71.98,0.1286,0.0,1.04,64817600,0,0,0.0,0.0,0.0,0.0,0.0,69.21153846153847,Fundamentus
248,INHF11,Outros,10.45,0.1168,0.018000000000000002,1.04,208725000,818847,0,0.0,0.0,0.0,0.0,0.18810000000000002,10.048076923076922,Fundamentus
249,INLG11,Logística,62.15,0.1502,0.1216,0.58,280427000,142263,5,2495.01,375.13,0.15039999999999998,0.0084,7.55744,107.15517241379311,Fundamentus
250,INRD11,Residencial,72.65,0.11720000000000001,0.1157,0.61,82012400,38102,5,3120.69,507.78,0.16269999999999998,0.0219,8.405605000000001,119.09836065573772,Fundamentus
251,IRDM11,Outros,58.5,0.16469999999999999,0.0345,0.74,2202080000,0,0,0.0,0.0,0.0,0.0,2.01825,79.05405405405405,Fundamentus
252,IRIM11,Multicategoria,63.4,0.0784,0.1568,0.77,2233330000,2905470,1,47.75,0.0,0.0,0.0,9.94112,82.33766233766234,Fundamentus
253,ISCJ11,Outros,50.71,0.18489999999999998,0.0,0.3,9515730,0,0,0.0,0.0,0.0,0.0,0.0,169.03333333333333,Fundamentus
254,ITIP11,Outros,54.2,0.0322,0.1463,0.84,40549800,11238,0,0.0,0.0,0.0,0.0,7.9294600000000015,64.52380952380953,Fundamentus
255,ITIT11,Outros,62.82,0.023799999999999998,0.11699999999999999,0.85,56569000,89542,0,0.0,0.0,0.0,0.0,7.349939999999999,73.90588235294118,Fundamentus
256,ITRI11,Outros,78.45,0.1344,0.1315,0.9,490313000,1024010,0,0.0,0.0,0.0,0.0,10.316175000000001,87.16666666666667,Fundamentus
257,JASC11,Varejo,100.0,0.0818,0.08460000000000001,0.87,385119000,7328,17,4294.55,423.75,0.0987,0.0073,8.46,114.94252873563218,Fundamentus
258,JBFO11,Títulos e Val. Mob.,82.01,0.0902,0.0,1.04,104897000,0,0,0.0,0.0,0.0,0.0,0.0,78.85576923076923,Fundamentus
259,JCCJ11,Shoppings,144.99,0.09759999999999999,0.1258,0.73,755838000,241767,1,1751.91,87.79,0.0501,1.0,18.239742,198.6164383561644,Fundamentus
260,JCIN11,Shoppings,148.9,0.0836,0.10890000000000001,0.84,196208000,0,0,0.0,0.0,0.0,0.0,16.215210000000003,177.2619047619048,Fundamentus
261,JFLL11,Multicategoria,50.93,0.062,0.0753,0.49,76425500,24929,1,14683.4,1905.92,0.1298,0.3736,3.8350290000000005,103.93877551020408,Fundamentus
262,JGPX11,Outros,53.99,0.22940000000000002,0.0,0.56,115606000,311949,0,0.0,0.0,0.0,0.0,0.0,96.41071428571428,Fundamentus
263,JPPA11,Multicategoria,74.61,0.18510000000000001,0.18760000000000002,0.76,67451200,61783,0,0.0,0.0,0.0,0.0,13.996836000000002,98.17105263157895,Fundamentus
264,JPPC11,Multicategoria,141.1,-0.0252,0.0,2.31,7760500,0,0,0.0,0.0,0.0,0.0,0.0,61.08225108225108,Fundamentus
265,JRDM11,Shoppings,85.9,0.0797,0.0,0.96,216723000,0,1,7394.68,671.49,0.0908,0.011899999999999999,0.0,89.47916666666667,Fundamentus
266,JSAF11,Multicategoria,7.19,0.1348,0.13269999999999998,0.81,557392000,1494070,0,0.0,0.0,0.0,0.0,0.954113,8.876543209876543,Fundamentus
267,JSCR11,Multicategoria,8.2,0.1456,0.1417,0.87,181524000,421993,0,0.0,0.0,0.0,0.0,1.1619399999999998,9.425287356321839,Fundamentus
268,JSRE11,Multicategoria,64.02,0.1002,0.0902,0.63,1329520000,2696950,6,8374.67,1120.6,0.1338,0.041299999999999996,5.774604,101.6190476190476,Fundamentus
269,KCRE11,Multicategoria,8.53,0.1523,0.1321,0.91,307080000,369939,0,0.0,0.0,0.0,0.0,1.1268129999999998,9.373626373626372,Fundamentus
270,KDOL11,Multicategoria,77.0,-0.0088,0.0,0.78,51665600,82019,0,0.0,0.0,0.0,0.0,0.0,98.71794871794872,Fundamentus
271,KEVE11,Residencial,525.0,0.24530000000000002,1.2287000000000001,1.44,77543000,0,1,0.0,0.0,0.0,0.0,645.0675000000001,364.58333333333337,Fundamentus
272,KFEN11,Multicategoria,1100.0,0.0575,0.1133,1.17,196516000,0,0,0.0,0.0,0.0,0.0,124.63,940.1709401709402,Fundamentus
273,KFOF11,Multicategoria,79.48,0.1155,0.1195,0.91,557518000,918578,0,0.0,0.0,0.0,0.0,9.49786,87.34065934065934,Fundamentus
274,KINP11,Residencial,9.82,0.0,0.0,0.0,0,0,1,0.0,0.0,0.0,0.0,0.0,,Fundamentus
275,KISU11,Multicategoria,6.12,0.0919,0.1361,0.81,364410000,405655,0,0.0,0.0,0.0,0.0,0.832932,7.555555555555555,Fundamentus
276,KIVO11,Outros,55.03,0.18030000000000002,0.19030000000000002,0.65,122317000,387861,0,0.0,0.0,0.0,0.0,10.472209000000001,84.66153846153846,Fundamentus
277,KNCA11,Títulos e Val. Mob.,87.29,0.1268,0.0,0.85,1885460000,3055670,0,0.0,0.0,0.0,0.0,0.0,102.69411764705883,Fundamentus
278,KNCR11,Multicategoria,104.49,0.1084,0.1316,1.02,11189800000,23633000,0,0.0,0.0,0.0,0.0,13.750884,102.44117647058823,Fundamentus
279,KNHF11,Multicategoria,94.81,0.1459,0.1252,0.96,1864270000,5038560,0,0.0,0.0,0.083,0.0,11.870212,98.76041666666667,Fundamentus
280,KNHY11,Multicategoria,95.13,0.1304,0.12869999999999998,0.96,2965500000,5204700,0,0.0,0.0,0.0,0.0,12.243230999999998,99.09375,Fundamentus
281,KNIP11,Multicategoria,90.9,0.1365,0.1101,0.97,7279110000,9125890,0,0.0,0.0,0.0,0.0,10.008090000000001,93.71134020618558,Fundamentus
282,KNPR11,Multicategoria,25.6,0.3831,0.0,0.93,14845700,10870,0,0.0,0.0,0.0,0.0,0.0,27.526881720430108,Fundamentus
283,KNRE11,Residencial,0.25,-0.0091,0.0049,0.43,4636790,1188,0,0.0,0.0,0.0,0.0,0.001225,0.5813953488372093,Fundamentus
284,KNRI11,Multicategoria,159.7,0.0695,0.0821,0.98,4504190000,7793880,18,5991.59,460.27,0.0768,0.0008,13.11137,162.95918367346937,Fundamentus
285,KNSC11,Multicategoria,9.13,0.13970000000000002,0.1222,1.04,1863940000,5489540,0,0.0,0.0,0.0,0.0,1.1156860000000002,8.778846153846155,Fundamentus
286,KNUQ11,Multicategoria,102.55,0.1358,0.1393,1.02,2203260000,4742710,0,0.0,0.0,0.0,0.0,14.285215,100.5392156862745,Fundamentus
287,KOPA11,Títulos e Val. Mob.,231.01,0.5128,0.0,0.23,81933900,119406,0,0.0,0.0,0.0,0.0,0.0,1004.391304347826,Fundamentus
288,KORE11,Outros,68.6,0.1684,0.1317,0.64,660275000,1986510,4,10782.0,1629.12,0.15109999999999998,0.0111,9.03462,107.18749999999999,Fundamentus
289,LAFI11,Outros,124.2,0.08689999999999999,0.0537,1.04,95793800,5161,3,9.39,0.88,0.09390000000000001,0.0,6.66954,119.42307692307692,Fundamentus
290,LASC11,Shoppings,110.0,0.0717,0.0727,0.83,323433000,133475,3,17358.3,1486.71,0.08560000000000001,1.0,7.997,132.53012048192772,Fundamentus
291,LATR11B,Residencial,9.51,-0.1636,0.0,0.9,1180230,0,0,0.0,0.0,0.0,0.0,0.0,10.566666666666666,Fundamentus
292,LFTT11,Residencial,2.1,-1.6578,0.0,0.09,1396500,0,18,3.65,0.0,0.0,0.9982,0.0,23.333333333333336,Fundamentus
293,LGCP11,Logística,82.95,0.1125,0.0521,0.82,374279000,0,5,3097.83,375.13,0.1211,0.0084,4.321695,101.15853658536587,Fundamentus
294,LIFE11,Residencial,7.03,0.2014,0.19940000000000002,0.72,279524000,450569,0,0.0,0.0,0.0,0.0,1.4017820000000003,9.76388888888889,Fundamentus
295,LKDV11,Multicategoria,1104.12,0.0062,0.0,1.0,73767400,0,1,19132.3,0.0,0.0,0.0,0.0,1104.12,Fundamentus
296,LLAO11,Outros,57.2,-0.0701,0.0,1.06,20657200,0,8,2605.28,0.0,0.0,0.0,0.0,53.9622641509434,Fundamentus
297,LMAI11,Multicategoria,34.91,0.0524,0.0944,0.33,184327000,1602,2,2047.67,295.25,0.1442,0.0908,3.2955039999999998,105.78787878787877,Fundamentus
298,LOFT11B,Residencial,29.9,-0.0087,0.0,59800.0,58562000,0,0,0.0,0.0,0.0,0.0,0.0,0.0005,Fundamentus
299,LPLP11,Residencial,287.0,0.2271,0.381,1.05,229986000,457,0,0.0,0.0,0.0,0.0,109.34700000000001,273.3333333333333,Fundamentus
300,LRDI11,Multicategoria,196.0,0.3906,0.35359999999999997,2.24,72567800,2284,0,0.0,0.0,0.0,0.0,69.3056,87.49999999999999,Fundamentus
301,LSAG11,Títulos e Val. Mob.,71.87,0.171,0.0,0.73,72540800,35975,0,0.0,0.0,0.0,0.0,0.0,98.45205479452056,Fundamentus
302,LSOI11,Residencial,15.32,-0.009000000000000001,0.0,1.0,82196200,233,0,0.0,0.0,0.0,0.0,0.0,15.32,Fundamentus
303,LSOP11,Residencial,11.1,-0.0113,0.0338,1.03,34965000,351686,0,0.0,0.0,0.0,0.0,0.37517999999999996,10.776699029126213,Fundamentus
304,LSPA11,Outros,24.01,1.7519999999999998,0.0,1.15,9712040,0,0,0.0,0.0,0.0,0.0,0.0,20.87826086956522,Fundamentus
305,LTMT11,Multicategoria,93.78,0.1489,0.0,1.0,16100200,0,0,0.0,0.0,0.0,0.0,0.0,93.78,Fundamentus
306,LUGG11,Residencial,72.82,0.11939999999999999,0.047599999999999996,0.62,82338000,0,5,3133.26,529.29,0.1689,0.0331,3.4662319999999993,117.4516129032258,Fundamentus
307,LVBI11,Logística,97.95,0.09210000000000002,0.0922,0.81,1578810000,4259600,15,1921.22,207.32,0.1079,0.0302,9.030990000000001,120.92592592592592,Fundamentus
308,MALL11,Shoppings,100.03,0.1422,0.0891,0.83,1398630000,1520130,11,4650.86,755.88,0.1625,0.0364,8.912673,120.51807228915663,Fundamentus
309,MANA11,Outros,9.22,0.09539999999999998,0.2723,1.0,346083000,1063090,0,0.0,0.0,0.0,0.0,2.510606,9.22,Fundamentus
310,MATV11,Títulos e Val. Mob.,86.63,0.1142,0.0,0.92,36901600,0,0,0.0,0.0,0.0,0.0,0.0,94.16304347826086,Fundamentus
311,MAXR11,Multicategoria,52.6,0.0604,0.0679,0.56,59209500,33048,6,1026.45,98.48,0.0959,0.2553,3.57154,93.92857142857142,Fundamentus
312,MBRF11,Outros,679.0,0.0463,0.0,0.98,69029900,0,2,3833.27,140.42,0.0366,0.8198000000000001,0.0,692.8571428571429,Fundamentus
313,MCCI11,Multicategoria,94.21,0.1094,0.1259,1.0,1597800000,5641230,0,0.0,0.0,0.0,0.0,11.861039,94.21,Fundamentus
314,MCEM11,Outros,26.97,-0.016,0.1475,0.97,92272700,0,0,0.0,0.0,0.0,0.0,3.9780749999999996,27.804123711340207,Fundamentus
315,MCHF11,Títulos e Val. Mob.,9.05,0.1176,0.0,0.87,292806000,0,3,0.0,0.0,0.0,0.0,0.0,10.402298850574713,Fundamentus
316,MCHY11,Multicategoria,8.58,0.1116,0.09789999999999999,0.86,957519000,0,1,1583.25,53.06,0.0335,0.35850000000000004,0.8399819999999999,9.976744186046512,Fundamentus
317,MCLO11,Logística,10.44,0.0885,0.0915,0.75,1301270000,2204980,4,2025.4,206.22,0.1018,0.0,0.9552599999999999,13.92,Fundamentus
318,MCRE11,Multicategoria,7.92,0.11449999999999999,0.162,0.79,883863000,3323110,1,1483.25,146.53,0.09880000000000001,0.11630000000000001,1.28304,10.025316455696203,Fundamentus
319,MFAI11,Híbrido,69.98,0.0,0.0,0.0,0,0,0,0.0,0.0,0.0,0.0,0.0,,Fundamentus
320,MFCR11,Híbrido,24.6,0.0,0.0,0.0,0,0,0,0.0,0.0,0.0,0.0,0.0,,Fundamentus
321,MFII11,Multicategoria,35.7,0.126,0.2758,0.37,242760000,826195,3,3856.1,0.0,0.0,0.0,9.84606,96.4864864864865,Fundamentus
322,MGCR11,Títulos e Val. Mob.,9.4,0.11109999999999999,0.0,0.96,126115000,0,0,0.0,0.0,0.0,0.0,0.0,9.791666666666668,Fundamentus
323,MGFF11,Títulos e Val. Mob.,69.99,0.0,0.0,0.0,0,0,0,0.0,0.0,0.0,0.0,0.0,,Fundamentus
324,MGHT11,Multicategoria,12.77,-0.2121,0.0,0.65,16777000,8917,0,0.0,0.0,0.0,0.0,0.0,19.646153846153844,Fundamentus
325,MGIM11,Híbrido,101.5,-0.023799999999999998,0.0,1.03,25101000,0,0,0.0,0.0,0.0,0.0,0.0,98.54368932038835,Fundamentus
326,MGLG11,Logística,40.99,0.0582,0.0,0.91,103703000,0,6,3132.38,75.43,0.0241,0.0872,0.0,45.043956043956044,Fundamentus
327,MIDW11,Multicategoria,11.0,0.030299999999999997,0.0391,1.13,207900000,4164270,4,78.78,0.0,0.0,0.0,0.43010000000000004,9.734513274336283,Fundamentus
328,MINT11,Outros,96.5,0.1323,0.0,0.99,50180000,0,3,0.0,532.36,0.0,0.0,0.0,97.47474747474747,Fundamentus
329,MMPD11,Multicategoria,67.92,0.46009999999999995,0.4619,1.01,36031400,0,0,0.0,0.0,0.0,0.0,31.372248,67.24752475247524,Fundamentus
330,MORC11,Títulos e Val. Mob.,89.87,0.12369999999999999,0.0,0.92,171455000,0,0,0.0,0.0,0.0,0.0,0.0,97.68478260869566,Fundamentus
331,MORE11,Títulos e Val. Mob.,76.21,0.0604,0.0,0.88,176740000,0,0,0.0,0.0,0.0,0.0,0.0,86.60227272727272,Fundamentus
332,MXRF11,Logística,9.16,0.0931,0.13970000000000002,0.99,5195610000,22988600,2,325877.0,0.0,0.0,0.0,1.2796520000000002,9.252525252525253,Fundamentus
333,NAUI11,Multicategoria,1000.0,0.0547,0.0,2.38,51735000,0,0,0.0,0.0,0.0,0.0,0.0,420.1680672268908,Fundamentus
334,NAVT11,Outros,63.03,0.1595,0.17120000000000002,0.75,38592100,62259,0,0.0,0.0,0.0,0.0,10.790736,84.04,Fundamentus
335,NCHB11B,Multicategoria,7.97,0.1542,0.1484,0.82,121793000,7729,0,0.0,0.0,0.0,0.0,1.182748,9.719512195121952,Fundamentus
336,NCRA11,Outros,7.7,0.2121,0.15439999999999998,0.73,34341600,63185,0,0.0,0.0,0.0,0.0,1.18888,10.547945205479452,Fundamentus
337,NCRI11,Outros,8.9,0.1364,0.1419,0.89,35155000,45446,0,0.0,0.0,0.0,0.0,1.26291,10.0,Fundamentus
338,NEWL11,Multicategoria,107.88,0.1421,0.11,0.82,303164000,394545,2,3429.46,364.11,0.10619999999999999,0.0,11.8668,131.5609756097561,Fundamentus
339,NEWU11,Multicategoria,110.0,0.0262,0.0507,1.18,83897600,23064,2,4692.27,624.08,0.133,0.4536,5.577,93.22033898305085,Fundamentus
340,NEXG11,Outros,131.39,0.0356,0.0,1.31,91775900,173407,0,0.0,0.0,0.0,0.0,0.0,100.2977099236641,Fundamentus
341,NPAR11,Outros,12.82,2.1332,0.0,0.7,1533140,0,0,0.0,0.0,0.0,0.0,0.0,18.314285714285717,Fundamentus
342,NSLU11,Hospital,183.0,0.17980000000000002,0.1696,0.72,236671000,112201,2,6625.11,1072.43,0.16190000000000002,0.0,31.0368,254.16666666666669,Fundamentus
343,NVHO11,Hospital,12.99,0.0641,0.08109999999999999,0.78,539014000,3468,4,17574.4,1166.24,0.0664,0.0,1.053489,16.653846153846153,Fundamentus
344,OBAL11,Residencial,1095.0,-0.3887,0.1711,0.61,154701000,0,5,26154.1,47.79,0.0018,0.0,187.3545,1795.0819672131147,Fundamentus
345,OCRE11,Multicategoria,85.0,0.0636,0.0603,0.64,41053800,4395,0,0.0,0.0,0.0,0.0,5.1255,132.8125,Fundamentus
346,OGHY11,Títulos e Val. Mob.,8.72,0.0732,0.0,0.92,23678100,0,0,0.0,0.0,0.0,0.0,0.0,9.478260869565217,Fundamentus
347,OIAG11,Outros,8.08,0.1051,0.0,0.82,72986600,102466,0,0.0,0.0,0.0,0.0,0.0,9.853658536585366,Fundamentus
348,ONDA11,Outros,7.77,0.0731,0.14730000000000001,0.73,64944400,10791,0,0.0,0.0,0.0,0.0,1.1445210000000001,10.643835616438356,Fundamentus
349,ONDV11,Outros,9.77,0.0814,0.059699999999999996,0.82,9863960,5007,0,0.0,0.0,0.0,0.0,0.5832689999999999,11.914634146341463,Fundamentus
350,ONEF11,Lajes Corporativas,200.03,0.0608,0.0,1.09,182227000,0,0,0.0,0.0,0.0,0.0,0.0,183.5137614678899,Fundamentus
351,ORPD11,Multicategoria,93.0,0.0,0.0,0.66,26970000,0,0,0.0,0.0,0.0,0.0,0.0,140.9090909090909,Fundamentus
352,OUCY11,Híbrido,88.5,0.0,0.0,0.0,0,0,8,0.0,161.02,0.0,0.0,0.0,,Fundamentus
353,OUFF11,Títulos e Val. Mob.,61.1,0.0,0.0,0.0,0,0,0,0.0,0.0,0.0,0.0,0.0,,Fundamentus
354,OUJP11,Multicategoria,69.96,0.2072,0.1993,0.72,227537000,462060,0,0.0,0.0,0.0,0.0,13.943028,97.16666666666666,Fundamentus
355,OULG11,Logística,24.04,0.1822,0.0,0.88,59333100,0,0,0.0,0.0,0.0,0.0,0.0,27.318181818181817,Fundamentus
356,OURE11,Híbrido,78.2,0.0,0.0,0.0,0,0,8,0.0,161.02,0.0,0.0,0.0,,Fundamentus
357,OXRL11,Multicategoria,131.4,0.019299999999999998,0.06860000000000001,1.11,52345300,148653,1,43623.5,2729.79,0.0626,0.0,9.014040000000001,118.37837837837837,Fundamentus
358,PATA11,Outros,10.1,0.1072,0.1727,1.0,17190300,41133,0,0.0,0.0,0.0,0.0,1.7442699999999998,10.1,Fundamentus
359,PATC11,Outros,34.0,0.0147,0.021099999999999997,0.99,118233000,55236,4,15259.6,735.28,0.0482,0.1734,0.7173999999999999,34.343434343434346,Fundamentus
360,PATL11,Multicategoria,64.15,0.1109,0.0636,82.36,320207000,0,0,0.0,0.0,0.0,0.0,4.079940000000001,0.7788975230694513,Fundamentus
361,PCIP11,Outros,74.78,0.1501,0.14,0.8,1272140000,2958280,0,0.0,0.0,0.0,0.0,10.4692,93.475,Fundamentus
362,PDBM11,Outros,115.0,0.0814,0.073,1.02,39100000,24,1,4421.28,425.41,0.0962,1.0,8.395,112.74509803921569,Fundamentus
363,PDDA11B,Logística,106.5,0.041100000000000005,0.0,3.88,262853000,0,0,0.0,0.0,0.0,0.0,0.0,27.448453608247423,Fundamentus
364,PEMA11,Multicategoria,23.84,0.2288,0.2723,0.41,13159700,1684,0,0.0,0.0,0.0,0.0,6.491632,58.146341463414636,Fundamentus
365,PLAG11,Outros,63.49,0.1009,0.1119,0.96,346188000,160823,8,2104.95,285.25,0.1355,0.0,7.104531000000001,66.13541666666667,Fundamentus
366,PLCA11,Títulos e Val. Mob.,72.49,0.21109999999999998,0.0,0.76,40378300,54696,0,0.0,0.0,0.0,0.0,0.0,95.38157894736841,Fundamentus
367,PLCR11,Outros,79.1,0.1276,0.0,0.95,166835000,0,0,0.0,0.0,0.0,0.0,0.0,83.26315789473684,Fundamentus
368,PLOG11,Logística,66.71,0.1454,0.0,0.62,50032500,0,1,696.98,130.27,0.1869,0.0,0.0,107.59677419354838,Fundamentus
369,PLRI11,Multicategoria,4.91,0.4436,0.1258,0.42,4685630,291,0,0.0,0.0,0.0,0.0,0.617678,11.690476190476192,Fundamentus
370,PLTB11,Multicategoria,1.0,-0.0052,0.0128,3.68,967093000,391422,1,80614.1,422.91,0.0052,0.88,0.0128,0.2717391304347826,Fundamentus
371,PMFO11,Outros,83.78,0.1241,0.1216,0.99,81761500,6449,0,0.0,0.0,0.0,0.0,10.187648,84.62626262626263,Fundamentus
372,PMIS11,Outros,7.64,0.1583,0.1466,0.82,113097000,219929,0,0.0,0.0,0.0,0.0,1.120024,9.317073170731707,Fundamentus
373,PMLL11,Shoppings,105.4,0.0787,0.10880000000000001,0.88,1870900000,3297980,13,3215.31,351.59,0.1093,0.0407,11.467520000000002,119.77272727272728,Fundamentus
374,PMRL11,Multicategoria,111.02,-0.0013,0.0051,1.29,43760000,9376,1,859533.0,0.0,0.0,0.0,0.566202,86.06201550387597,Fundamentus
375,PNCR11,Residencial,46.76,-0.0040999999999999995,0.0,1.01,23380000,0,0,0.0,0.0,0.0,0.0,0.0,46.29702970297029,Fundamentus
376,PNDL11,Multicategoria,160.0,-0.06860000000000001,0.0,1.78,23093100,0,0,0.0,0.0,0.0,0.0,0.0,89.8876404494382,Fundamentus
377,PNPR11,Multicategoria,47.0,-0.1362,0.0335,1.22,42197400,90969,0,0.0,0.0,0.0,0.0,1.5745,38.52459016393443,Fundamentus
378,PNRC11,Multicategoria,28.13,0.026600000000000002,0.046900000000000004,5.78,11536100,0,2,0.0,0.0,0.0,0.0,1.3192970000000002,4.866782006920415,Fundamentus
379,PORD11,Multicategoria,8.29,0.14279999999999998,0.1417,0.87,309082000,713751,0,0.0,0.0,0.0,0.0,1.1746929999999998,9.528735632183906,Fundamentus
380,PQAG11,Logística,55.2,0.106,0.1048,0.98,772352000,1375220,1,11897.3,1267.56,0.1065,0.0,5.784960000000001,56.3265306122449,Fundamentus
381,PQDP11,Shoppings,2480.01,0.06,0.08869999999999999,0.95,642580000,6652650,1,4798.46,377.82,0.0787,0.0,219.97688699999998,2610.5368421052635,Fundamentus
382,PRSN11,Multicategoria,4.81,-0.14,0.0345,0.18,1554230,1,1,39357.0,0.0,0.0,0.0,0.165945,26.72222222222222,Fundamentus
383,PRSV11,Escritórios,25.05,-0.3589,0.0,0.27,7940850,928,1,789.93,0.0,0.0,1.0,0.0,92.77777777777777,Fundamentus
384,PSEC11,Outros,53.4,0.1286,0.1389,0.76,982527000,1682150,0,0.0,0.0,0.0,0.0,7.41726,70.26315789473684,Fundamentus
385,PULV11,Outros,8.82,0.11720000000000001,0.0108,0.88,105842000,0,0,0.0,0.0,0.0,0.0,0.09525600000000001,10.022727272727273,Fundamentus
386,PURB11,Shoppings,95.1,0.1188,0.0,0.82,107954000,0,2,19149.1,2369.56,0.12369999999999999,0.09699999999999999,0.0,115.97560975609755,Fundamentus
387,PVBI11,Escritórios,67.0,0.0774,0.0741,0.64,1817710000,3988990,8,18948.4,1859.36,0.0981,0.0928,4.9647,104.6875,Fundamentus
388,QAGR11,Outros,41.0,0.1319,0.1294,0.68,206640000,149034,12,1432.53,217.65,0.1519,0.0,5.3054,60.29411764705882,Fundamentus
389,QAMI11,Títulos e Val. Mob.,84.68,0.24530000000000002,0.0,0.91,67862400,0,0,0.0,0.0,0.0,0.0,0.0,93.05494505494507,Fundamentus
390,QIFF11,Títulos e Val. Mob.,97.49,0.07629999999999999,0.0,1.09,14623500,0,0,0.0,0.0,0.0,0.0,0.0,89.44036697247705,Fundamentus
391,QIRI11,Títulos e Val. Mob.,78.04,0.0953,0.0,0.87,11706000,0,0,0.0,0.0,0.0,0.0,0.0,89.70114942528737,Fundamentus
392,QMFF11,Títulos e Val. Mob.,98.52,0.0755,0.0,1.1,14778000,0,0,0.0,0.0,0.0,0.0,0.0,89.56363636363635,Fundamentus
393,RBBV11,Títulos e Val. Mob.,100.0,0.06509999999999999,0.0,0.99,125416000,0,0,0.0,0.0,0.0,0.0,0.0,101.01010101010101,Fundamentus
394,RBCO11,Escritórios,44.0,0.1233,0.0839,0.49,166276000,144616,4,3812.31,614.84,0.1613,0.0,3.6916,89.79591836734694,Fundamentus
395,RBDS11,Residencial,1.99,-0.7704000000000001,0.0,0.11,251781,167,0,0.0,0.0,0.0,0.0,0.0,18.09090909090909,Fundamentus
396,RBED11,Outros,94.03,0.1589,0.0,0.0,221443000,0,0,0.0,0.0,0.0,0.0,0.0,,Fundamentus
397,RBFF11,Outros,10.65,0.1258,0.0377,0.88,199646000,0,0,0.0,0.0,0.0,0.0,0.401505,12.102272727272728,Fundamentus
398,RBFM11,Outros,9.98,0.13419999999999999,0.0962,0.82,187086000,272756,0,0.0,0.0,0.0,0.0,0.9600759999999999,12.170731707317074,Fundamentus
399,RBFY11,Residencial,74.9,0.0108,0.014499999999999999,0.8,72641500,62,1,30333.8,1139.91,0.037599999999999995,0.23879999999999998,1.08605,93.625,Fundamentus
400,RBGS11,Shoppings,28.45,0.033,0.0,0.31,30669100,0,1,1051.57,52.68,0.0501,0.11939999999999999,0.0,91.77419354838709,Fundamentus
401,RBHG11,Outros,56.98,0.1555,0.16690000000000002,0.66,123530000,384939,0,0.0,0.0,0.0,0.0,9.509962,86.33333333333333,Fundamentus
402,RBHY11,Outros,58.48,0.0495,0.2077,0.63,110732000,278909,0,0.0,0.0,0.0,0.0,12.146296,92.82539682539682,Fundamentus
403,RBIR11,Residencial,71.23,0.16,0.2348,0.91,108883000,65326,1,18398.2,0.0,0.0,0.0,16.724804000000002,78.27472527472527,Fundamentus
404,RBIV11,Outros,83.7,0.0992,0.0,0.97,181458000,0,0,0.0,0.0,0.0,0.0,0.0,86.28865979381443,Fundamentus
405,RBLG11,Logística,17.69,0.2034,0.0738,0.57,11325100,2,0,0.0,0.0,0.13699999999999998,0.0,1.305522,31.03508771929825,Fundamentus
406,RBOP11,Outros,210.0,-0.0756,0.10679999999999999,0.29,21349400,12032,2,1209.74,181.67,0.1502,0.6955,22.427999999999997,724.1379310344828,Fundamentus
407,RBRD11,Multicategoria,37.48,0.1794,0.17629999999999998,0.52,69404900,48586,4,2538.67,501.41,0.1975,0.1402,6.607723999999999,72.07692307692307,Fundamentus
408,RBRF11,Outros,6.65,0.1775,0.018000000000000002,0.78,909771000,0,0,0.0,0.0,0.0,0.0,0.11970000000000001,8.525641025641026,Fundamentus
409,RBRI11,Multicategoria,225.02,-0.0408,0.0,0.74,31427400,73,0,0.0,0.0,0.0,0.0,0.0,304.0810810810811,Fundamentus
410,RBRL11,Logística,78.17,0.09359999999999999,0.1027,0.84,522726000,1040740,0,0.0,0.0,0.0,0.0,8.028059,93.05952380952381,Fundamentus
411,RBRM11,Títulos e Val. Mob.,160000.0,-0.08410000000000001,0.0,8.16,86240000,0,0,0.0,0.0,0.0,0.0,0.0,19607.843137254902,Fundamentus
412,RBRP11,Outros,51.9,0.0793,0.0898,0.66,632100000,1716820,6,9918.01,921.25,0.0929,0.1594,4.66062,78.63636363636363,Fundamentus
413,RBRR11,Multicategoria,70.72,0.1058,0.1389,0.77,1152760000,4739620,0,0.0,0.0,0.0,0.0,9.823008,91.84415584415584,Fundamentus
414,RBRS11,Residencial,46.43,0.049800000000000004,0.043899999999999995,0.48,35493500,13247,2,9293.14,969.95,0.10439999999999999,0.2152,2.038277,96.72916666666667,Fundamentus
415,RBRX11,Multicategoria,7.43,0.0762,0.1436,0.8,1087410000,2257200,1,4609.12,0.0,0.0,0.0,1.066948,9.2875,Fundamentus
416,RBRY11,Multicategoria,82.33,0.1247,0.1595,0.82,1051310000,3988890,0,0.0,0.0,0.0,0.0,13.131635,100.40243902439025,Fundamentus
417,RBTS11,Multicategoria,210.17,0.0331,0.0298,0.85,11879900,400,0,0.0,0.0,0.0,0.0,6.263065999999999,247.25882352941176,Fundamentus
418,RBVA11,Varejo,8.78,0.075,0.12179999999999999,0.82,1451050000,1564650,76,4763.56,562.81,0.11810000000000001,0.0487,1.0694039999999998,10.707317073170731,Fundamentus
419,RBVO11,Lajes Corporativas,5.33,0.0,0.0,0.0,0,0,0,0.0,0.0,0.0,0.0,0.0,,Fundamentus
420,RCFF11,Outros,75.0,0.0421,0.0139,0.73,24240000,171,0,0.0,0.0,0.0,0.0,1.0425,102.73972602739727,Fundamentus
421,RCRB11,Escritórios,133.56,0.0667,0.0977,0.7,492929000,696361,9,11287.4,1359.39,0.1204,0.0,13.048812,190.8,Fundamentus
422,RCRI11,Multicategoria,100.8,0.11900000000000001,0.1343,1.03,42552100,30156,0,0.0,0.0,0.0,0.0,13.53744,97.86407766990291,Fundamentus
423,RDES11,Multicategoria,58.0,0.0254,0.0,0.75,43036000,0,3,3089.11,431.09,0.1396,0.4702,0.0,77.33333333333333,Fundamentus
424,RDIV11,Multicategoria,86.0,0.021,0.014499999999999999,0.9,225643000,0,0,0.0,0.0,0.0,0.0,1.2469999999999999,95.55555555555556,Fundamentus
425,RDLI11,Logística,14.5,-0.2751,0.4154,0.75,27900800,1559,0,0.0,0.0,0.0,0.0,6.0233,19.333333333333332,Fundamentus
426,RDPD11,Multicategoria,22.96,0.0447,0.0,2.23,172391000,0,0,0.0,0.0,0.0,0.0,0.0,10.29596412556054,Fundamentus
427,RECD11,Outros,6.68,0.1495,0.1219,1.05,36431200,24093,0,0.0,0.0,0.0,0.0,0.8142919999999999,6.3619047619047615,Fundamentus
428,RECM11,Multicategoria,6.88,0.0635,0.18059999999999998,0.79,131067000,71073,0,0.0,0.0,0.0,0.0,1.2425279999999999,8.708860759493671,Fundamentus
429,RECR11,Multicategoria,74.5,0.1433,0.1438,0.85,1969900000,3121940,1,5434.79,0.0,0.0,1.0,10.7131,87.64705882352942,Fundamentus
430,RECT11,Multicategoria,33.9,0.10339999999999999,0.1549,0.38,289624000,356712,7,3424.97,753.88,0.22010000000000002,0.0746,5.25111,89.21052631578947,Fundamentus
431,RECX11,Títulos e Val. Mob.,67.99,0.10800000000000001,0.0,0.94,14843100,0,0,0.0,0.0,0.0,0.0,0.0,72.32978723404256,Fundamentus
432,REIT11,Outros,61.01,0.2556,0.6197,0.2,1604010,1,0,0.0,0.0,0.0,0.0,37.807897,305.04999999999995,Fundamentus
433,RELG11,Multicategoria,69.95,0.3295,0.1144,0.87,25068600,27542,0,0.0,0.0,0.0,0.0,8.00228,80.40229885057471,Fundamentus
434,REME11,Outros,79.91,0.050300000000000004,0.061900000000000004,0.9,52348000,395715,0,0.0,0.0,0.0,0.0,4.946429,88.78888888888888,Fundamentus
435,RENV11,Multicategoria,6.32,0.12869999999999998,0.1475,0.44,6489340,12363,1,218.26,0.0,0.0,0.0,0.9322,14.363636363636365,Fundamentus
436,RFOF11,Outros,64.49,0.092,0.0727,162.36,49477200,0,0,0.0,0.0,0.0,0.0,4.688422999999999,0.3972037447647203,Fundamentus
437,RINV11,Multicategoria,104.8,0.0916,0.127,1.05,527320000,587211,0,0.0,0.0,0.0,0.0,13.3096,99.8095238095238,Fundamentus
438,RMAI11,Multicategoria,39.99,0.08109999999999999,0.1444,0.36,202894000,30797,2,2241.25,542.01,0.2418,0.133,5.7745560000000005,111.08333333333334,Fundamentus
439,RMBS11,Multicategoria,7.51,0.1015,0.1011,0.9,19046900,7943,0,0.0,0.0,0.0,0.0,0.759261,8.344444444444443,Fundamentus
440,RNDP11,Títulos e Val. Mob.,40.5,0.0721,0.0,0.72,4352980,0,0,0.0,0.0,0.0,0.0,0.0,56.25,Fundamentus
441,RNGO11,Escritórios,54.4,0.08710000000000001,0.098,0.65,145574000,39617,4,2513.64,345.82,0.1376,0.1043,5.3312,83.6923076923077,Fundamentus
442,ROOF11,Multicategoria,247.97,-0.2139,0.0,0.88,19216400,221,24,862.4,-7.77,-0.009000000000000001,0.0,0.0,281.7840909090909,Fundamentus
443,RPRI11,Outros,73.09,0.1672,0.1503,0.74,253749000,756879,0,0.0,0.0,0.0,0.0,10.985427,98.77027027027027,Fundamentus
444,RRCI11,Outros,80.25,0.1195,0.1261,0.99,38661000,218182,0,0.0,0.0,0.0,0.0,10.119525,81.06060606060606,Fundamentus
445,RRES11,Residencial,9.99,0.0046,0.08380000000000001,1.01,17086300,23,2,804.63,0.0,0.0,0.0,0.8371620000000002,9.891089108910892,Fundamentus
446,RSPD11,Residencial,740.0,0.0537,0.1641,1.01,110268000,772,1,27530.3,0.0,0.0,0.0,121.434,732.6732673267327,Fundamentus
447,RURA11,Títulos e Val. Mob.,8.06,0.133,0.0,0.79,1290400000,2385140,0,0.0,0.0,0.0,0.0,0.0,10.20253164556962,Fundamentus
448,RVBI11,Outros,59.9,0.1305,0.141,0.81,615533000,931734,0,0.0,0.0,0.0,0.0,8.445899999999998,73.9506172839506,Fundamentus
449,RZAG11,Títulos e Val. Mob.,8.26,0.20170000000000002,0.0,0.86,562014000,1144690,0,0.0,0.0,0.0,0.0,0.0,9.604651162790697,Fundamentus
450,RZAK11,Multicategoria,77.48,0.1539,0.1648,0.88,682435000,1294820,0,0.0,0.0,0.0,0.0,12.768704000000001,88.04545454545455,Fundamentus
451,RZAT11,Multicategoria,88.5,0.12789999999999999,0.1564,0.87,374801000,574244,10,702.03,100.81,0.1436,0.0,13.8414,101.72413793103448,Fundamentus
452,RZDM11,Híbrido,550.16,0.1974,0.0,4.15,88025600,0,4,61028.8,0.0,0.0,0.0,0.0,132.56867469879515,Fundamentus
453,RZEO11,Outros,121.0,-0.0045000000000000005,0.0,0.6,381504000,757,36,602.84,208.45,0.3458,0.0,0.0,201.66666666666669,Fundamentus
454,RZLC11,Outros,1013.36,0.0932,0.1439,1.01,164127000,1666080,0,0.0,0.0,0.0,0.0,145.822504,1003.3267326732673,Fundamentus
455,RZTR11,Outros,84.41,0.09720000000000001,0.13470000000000001,0.86,1591270000,2823270,29,2.72,0.21,0.0764,0.0,11.370027,98.15116279069767,Fundamentus
456,RZZI11,Logística,1050.0,0.048799999999999996,0.061799999999999994,0.8,117118000,0,1,2553.94,173.31,0.0679,0.4571,64.89,1312.5,Fundamentus
457,RZZR11,Logística,131.0,0.1072,0.111,0.71,733732000,51381,11,3.75,0.41,0.10890000000000001,0.0004,14.541,184.50704225352115,Fundamentus
458,RZZV11,Logística,1050.0,0.0602,0.0911,0.83,182217000,0,2,1162.51,82.57,0.071,0.051,95.655,1265.0602409638554,Fundamentus
459,SADI11,Multicategoria,8.62,0.1429,0.0132,0.99,133497000,0,0,0.0,0.0,0.0,0.0,0.11378399999999998,8.707070707070706,Fundamentus
460,SAIC11,Escritórios,34.04,-0.026099999999999998,0.0,0.86,48668300,0,1,4543.99,73.63,0.016200000000000003,1.0,0.0,39.58139534883721,Fundamentus
461,SAPI11,Multicategoria,8.41,0.1275,0.1666,0.84,248628000,412489,0,0.0,0.0,0.0,0.0,1.401106,10.011904761904763,Fundamentus
462,SARE11,Multicategoria,4.75,0.0617,0.0,0.94,438631000,0,2,0.0,180.38,0.0,0.39189999999999997,0.0,5.053191489361702,Fundamentus
463,SCPF11,Shoppings,2.79,0.1376,0.020499999999999997,0.28,11718000,1293,1,2449.74,782.29,0.3193,0.2401,0.057194999999999996,9.964285714285714,Fundamentus
464,SDIL11,Logística,96.5,0.054400000000000004,0.0,1.0,746822000,0,6,1965.97,251.82,0.1281,0.0,0.0,96.5,Fundamentus
465,SDIP11,Multicategoria,88.0,0.019799999999999998,0.0,0.89,371533000,0,5,11069.0,1012.66,0.0915,0.0,0.0,98.87640449438202,Fundamentus
466,SEED11,Multicategoria,100.0,0.0987,0.1149,1.16,164000000,0,0,0.0,0.0,0.0,0.0,11.49,86.20689655172414,Fundamentus
467,SEQR11,Logística,55.7,0.126,0.1244,0.57,92779200,83899,4,2257.81,369.24,0.1635,0.0,6.92908,97.71929824561406,Fundamentus
468,SHDP11B,Shoppings,1210.05,0.0695,1.2848,1.61,1439630000,0,1,11154.5,948.39,0.085,-0.0012,1554.6722399999999,751.5838509316769,Fundamentus
469,SHOP11,Shoppings,36.5,-0.0407,0.0,1.23,92100300,0,1,3855.13,328.27,0.0852,0.1318,0.0,29.67479674796748,Fundamentus
470,SHPH11,Shoppings,960.0,0.0713,0.0662,0.93,584592000,103904,1,16592.0,1371.89,0.0827,0.0229,63.55199999999999,1032.258064516129,Fundamentus
471,SHPP11,Multicategoria,12.81,0.0472,0.0492,1.32,654174000,32760,1,5850.28,227.0,0.0388,0.01,0.630252,9.704545454545455,Fundamentus
472,SIGR11,Multicategoria,99.9,0.030899999999999997,0.0128,1.03,200302000,0,0,0.0,0.0,0.0,0.0,1.27872,96.99029126213593,Fundamentus
473,SJAU11,Hospital,1.0,-0.7319,0.0,0.07,793225,1374,0,0.0,0.0,0.0,0.0,0.0,14.285714285714285,Fundamentus
474,SMRE11,Multicategoria,55.0,0.2658,0.2396,0.54,54882100,157890,0,0.0,0.0,0.0,0.0,13.178,101.85185185185185,Fundamentus
475,SNAG11,Multicategoria,9.88,0.1226,0.0,0.96,600115000,1743050,3,125.71,12.16,0.0967,0.0,0.0,10.291666666666668,Fundamentus
476,SNCI11,Outros,83.02,0.1119,0.1427,0.87,348684000,402828,0,0.0,0.0,0.0,0.0,11.846953999999998,95.42528735632183,Fundamentus
477,SNCR11,Multicategoria,97.8,0.133,0.0,1.02,472992000,0,0,0.0,0.0,0.0,0.0,0.0,95.88235294117646,Fundamentus
478,SNEL11,Outros,7.92,0.0446,0.1496,0.98,1798230000,7293120,1,0.0,0.0,0.8437,0.0,1.184832,8.081632653061224,Fundamentus
479,SNFF11,Outros,71.32,0.10880000000000001,0.1464,0.86,286752000,348855,0,0.0,0.0,0.0,0.0,10.441248,82.93023255813952,Fundamentus
480,SNFZ11,Multicategoria,9.17,0.07769999999999999,0.0,0.91,56876400,218680,2,102232.0,1010.62,0.009899999999999999,0.0,0.0,10.076923076923077,Fundamentus
481,SNLG11,Logística,1.24,-0.5993999999999999,0.0,0.6,3137160,0,0,0.0,0.0,0.0,0.0,0.0,2.066666666666667,Fundamentus
482,SNME11,Multicategoria,9.46,0.0346,0.16329999999999997,0.99,70176600,162657,0,0.0,0.0,0.0,0.0,1.5448179999999998,9.555555555555557,Fundamentus
483,SOFF11,Outros,94.2,-0.0038,0.0,0.92,172848000,0,0,0.0,0.0,0.0,0.0,0.0,102.39130434782608,Fundamentus
484,SOLR11,Escritórios,1051.35,-0.030899999999999997,0.0,1.18,71325700,0,1,8798.54,0.0,0.0,0.0,0.0,890.9745762711864,Fundamentus
485,SPDE11,Residencial,1266.67,0.10550000000000001,0.26489999999999997,0.88,115774000,0,0,0.0,0.0,0.0,0.0,335.540883,1439.3977272727273,Fundamentus
486,SPG211,Logística,11.99,0.0592,0.0601,0.87,78385200,1951,2,1040.02,75.67,0.0728,0.0,0.720599,13.781609195402298,Fundamentus
487,SPMO11,Multicategoria,120.0,-0.0016,0.0,0.71,217883000,2771,0,0.0,0.0,0.0,0.0,0.0,169.01408450704227,Fundamentus
488,SPTW11,Outros,33.08,0.1602,0.17620000000000002,0.61,59477800,90131,1,4231.85,753.91,0.1782,0.0,5.828696000000001,54.22950819672131,Fundamentus
489,SPXS11,Multicategoria,7.55,0.1401,0.157,0.81,152427000,505082,0,0.0,0.0,0.0,0.0,1.18535,9.320987654320987,Fundamentus
490,SRVD11,Multicategoria,3.0,0.0,0.0,18.33,288858000,0,0,0.0,0.0,0.0,0.0,0.0,0.16366612111292964,Fundamentus
491,STRX11,Shoppings,141.96,0.078,0.07519999999999999,0.92,229061000,0,2,4338.83,350.77,0.0808,0.0394,10.675391999999999,154.30434782608697,Fundamentus
492,TBOF11,Lajes Corporativas,101.5,-0.0011,0.0,486.34,1020080000,0,1,0.0,0.0,0.0,0.1537,0.0,0.20870173129909117,Fundamentus
493,TELM11,Multicategoria,9.79,0.08960000000000001,0.17489999999999997,0.95,30353900,7086,3,97.04,9.22,0.095,0.39630000000000004,1.7122709999999997,10.305263157894736,Fundamentus
494,TEPP11,Multicategoria,7.45,0.0876,0.154,0.79,400539000,2704260,6,3467.92,306.68,0.08839999999999999,0.30519999999999997,1.1473,9.430379746835444,Fundamentus
495,TGAR11,Multicategoria,43.81,0.2293,0.21239999999999998,0.41,1032510000,3552510,4,48.21,7.89,0.1636,0.0,9.305244,106.85365853658537,Fundamentus
496,THRA11,Lajes Corporativas,138.5,0.0296,0.0,14.52,203973000,0,0,0.0,0.0,0.0,0.0,0.0,9.538567493112948,Fundamentus
497,TJKB11,Hospital,251.06,0.0706,0.1354,0.89,535894000,933540,11,11324.7,868.06,0.0767,0.0,33.993524,282.08988764044943,Fundamentus
498,TMPS11,Outros,72.28,0.1487,0.1359,0.95,70759800,217227,0,0.0,0.0,0.0,0.0,9.822852,76.0842105263158,Fundamentus
499,TOPP11,Outros,66.01,0.1602,0.1466,0.65,298909000,647104,2,34242.0,3498.67,0.10220000000000001,0.0755,9.677066000000002,101.55384615384615,Fundamentus
500,TORD11,Multicategoria,1.01,0.0889,0.0848,0.03,5900350,15905,0,0.0,0.0,0.0,0.0,0.085648,33.66666666666667,Fundamentus
501,TOUR11,Residencial,8.8,0.0,0.0,0.0,0,0,3,0.0,0.0,0.0,0.0,0.0,,Fundamentus
502,TRBL11,Logística,49.6,0.1185,0.1911,0.65,383859000,1169600,6,1722.37,212.74,0.1235,0.0,9.47856,76.3076923076923,Fundamentus
503,TRCO11,Multicategoria,10.2,0.0217,0.0012,1.03,36720000,0,1,38301.4,1707.0,0.0446,0.0,0.012239999999999997,9.902912621359222,Fundamentus
504,TRNT11,Escritórios,130.0,0.0415,0.0,0.77,511623000,45049,1,7920.47,732.65,0.0925,0.17670000000000002,0.0,168.83116883116884,Fundamentus
505,TRXB11,Multicategoria,195.0,0.0443,0.1671,1.91,792874000,7375100,11,2262.7,305.61,0.1351,0.0,32.5845,102.09424083769633,Fundamentus
506,TRXF11,Multicategoria,70.42,0.0592,0.1656,0.73,4396370000,40690500,95,2387.34,98.59,0.041299999999999996,0.0,11.661552,96.46575342465754,Fundamentus
507,TRXL11,Multicategoria,103.38,0.0675,0.0,1.0,4471100000,0,30,3406.27,182.66,0.0536,0.028900000000000002,0.0,103.38,Fundamentus
508,TRXY11,Multicategoria,7.52,0.0834,0.1775,0.9,266712000,125344,0,0.0,0.0,0.0,0.0,1.3347999999999998,8.355555555555554,Fundamentus
509,TSER11,Escritórios,108.0,0.1206,0.1555,1.14,160434000,0,2,4607.56,267.57,0.0581,0.0,16.794,94.73684210526316,Fundamentus
510,TSNC11,Multicategoria,58.9,-0.030699999999999998,0.0,0.85,64011300,0,0,0.0,0.0,0.0,0.0,0.0,69.29411764705883,Fundamentus
511,TVRI11,Escritórios,86.99,0.12119999999999999,0.1431,0.86,1384850000,913475,57,3433.12,521.71,0.152,0.0291,12.448269,101.15116279069767,Fundamentus
512,UBSR11,Multicategoria,102.5,0.10460000000000001,0.0,1.14,2710270000,0,1,52387.3,0.0,0.0,1.0002,0.0,89.9122807017544,Fundamentus
513,URHF11,Multicategoria,54.0,0.1986,0.22469999999999998,0.53,5962520,16314,0,0.0,0.0,0.0,0.0,12.133799999999999,101.88679245283018,Fundamentus
514,URPR11,Outros,19.77,0.2175,0.1943,0.22,231979000,397405,0,0.0,0.0,0.0,0.0,3.841311,89.86363636363636,Fundamentus
515,VCJR11,Outros,67.3,0.1477,0.16649999999999998,0.73,990923000,3354200,0,0.0,0.0,0.0,0.0,11.205449999999999,92.1917808219178,Fundamentus
516,VCRA11,Títulos e Val. Mob.,55.8,0.23579999999999998,0.0,0.55,256341000,500612,0,0.0,0.0,0.0,0.0,0.0,101.45454545454544,Fundamentus
517,VCRI11,Outros,7.35,0.1435,0.1483,0.77,150996000,257424,0,0.0,0.0,0.0,0.0,1.090005,9.545454545454545,Fundamentus
518,VCRR11,Logística,56.0,0.10640000000000001,0.0962,0.54,112000000,153462,6,0.0,0.0,0.2992,0.0,5.3872,103.7037037037037,Fundamentus
519,VERE11,Multicategoria,445.76,0.0852,0.091,0.84,285539000,0,3,2849.84,334.19,0.1173,0.0,40.56416,530.6666666666666,Fundamentus
520,VGHF11,Outros,5.26,0.10369999999999999,0.1523,0.65,866436000,2447360,0,0.0,0.0,0.0,0.0,0.8010979999999999,8.092307692307692,Fundamentus
521,VGIA11,Outros,8.84,0.1215,0.0,0.91,764263000,1631340,0,0.0,0.0,0.0,0.0,0.0,9.714285714285714,Fundamentus
522,VGII11,Multicategoria,64.06,0.1177,0.1393,1.02,33238500,197568,0,0.0,0.0,0.0,0.0,8.923558000000002,62.80392156862745,Fundamentus
523,VGIP11,Multicategoria,72.4,0.1193,0.1414,0.8,853397000,1574040,0,0.0,0.0,0.0,0.0,10.23736,90.5,Fundamentus
524,VGIR11,Multicategoria,9.68,0.1412,0.15380000000000002,0.99,1414260000,4114590,0,0.0,0.0,0.0,0.0,1.488784,9.777777777777777,Fundamentus
525,VGRI11,Outros,5.45,0.1519,0.2034,0.64,190868000,171937,4,3484.88,892.05,0.256,0.3178,1.10853,8.515625,Fundamentus
526,VHFA11,Outros,10.29,0.1411,0.0,1.02,97551900,77298,0,0.0,0.0,0.0,0.0,0.0,10.088235294117647,Fundamentus
527,VIFI11,Títulos e Val. Mob.,7.53,0.1166,0.0,0.94,60911600,0,0,0.0,0.0,0.0,0.0,0.0,8.01063829787234,Fundamentus
528,VILG11,Logística,95.03,0.08779999999999999,0.09949999999999999,0.87,1425200000,2579520,12,2430.22,283.45,0.1166,0.0044,9.455485,109.22988505747126,Fundamentus
529,VINO11,Multicategoria,4.3,0.0814,0.12050000000000001,0.44,356153000,337347,9,5622.9,1013.51,0.1802,0.0861,0.51815,9.772727272727272,Fundamentus
530,VISC11,Shoppings,106.5,0.0645,0.09300000000000001,0.92,3070250000,6549220,32,3105.85,207.23,0.0667,0.057800000000000004,9.9045,115.76086956521739,Fundamentus
531,VIUR11,Outros,2.37,0.2268,0.0616,0.66,63862500,83915,1,2027.29,1385.95,0.6836,0.0,0.145992,3.590909090909091,Fundamentus
532,VJFD11,Outros,135.0,0.0839,0.0839,0.79,658277000,28,39,693.48,60.02,0.08650000000000001,0.0,11.326500000000001,170.88607594936707,Fundamentus
533,VLOL11,Lajes Corporativas,98.0,0.0678,0.0,0.88,174913000,0,0,0.0,0.0,0.0,0.0,0.0,111.36363636363636,Fundamentus
534,VOTS11,Multicategoria,86.0,0.1017,0.1465,0.96,71200500,3006,0,0.0,0.0,0.0,0.0,12.598999999999998,89.58333333333334,Fundamentus
535,VPSI11,Shoppings,21.85,0.1424,0.1435,0.65,176371000,1,1,5900.1,851.68,0.1444,0.0,3.135475,33.61538461538461,Fundamentus
536,VRTA11,Outros,72.36,0.1442,0.1393,0.87,1128270000,1527560,0,0.0,0.0,0.0,0.0,10.079748,83.17241379310344,Fundamentus
537,VRTM11,Multicategoria,6.72,0.1268,0.1585,0.73,315647000,310407,30,1952.17,0.0,0.0,0.0,1.06512,9.205479452054794,Fundamentus
538,VSEC11,Títulos e Val. Mob.,0.21,7.0084,0.0,0.07,13174,0,0,0.0,0.0,0.0,0.0,0.0,2.9999999999999996,Fundamentus
539,VSHO11,Shoppings,75.36,0.10779999999999999,0.125,0.63,158166000,52795,3,1797.85,366.6,0.2039,0.10400000000000001,9.42,119.61904761904762,Fundamentus
540,VSLH11,Multicategoria,1.63,0.22399999999999998,0.19940000000000002,0.14,48678500,73106,0,0.0,0.0,0.0,0.0,0.32502200000000003,11.64285714285714,Fundamentus
541,VTLT11,Logística,88.98,0.1331,0.067,0.98,188193000,0,1,0.0,109.76,0.0,0.0,5.96166,90.79591836734694,Fundamentus
542,VTPL11,Outros,65.9,0.1042,0.1059,0.55,91353300,0,1,1246.72,199.07,0.1597,0.0,6.97881,119.81818181818181,Fundamentus
543,VVCR11,Multicategoria,8.07,0.0946,0.149,0.79,147511000,66583,0,0.0,0.0,0.0,0.0,1.2024299999999999,10.215189873417721,Fundamentus
544,VVDI11,Outros,10.0,0.0006,0.0182,0.99,50000000,65151,0,0.0,0.0,0.0,0.0,0.182,10.1010101010101,Fundamentus
545,VVMR11,Multicategoria,84.95,0.015300000000000001,0.006,1.08,239829000,3557360,5,5894.72,353.89,0.06,0.028300000000000002,0.5097,78.6574074074074,Fundamentus
546,VVPR11,Híbrido,101.5,0.08990000000000001,0.0,1.04,234036000,0,6,5334.39,526.7,0.0987,0.0,0.0,97.59615384615384,Fundamentus
547,VVRI11,Multicategoria,8.27,0.0074,0.0378,0.96,145316000,80037,3,1158.15,61.51,0.053099999999999994,0.7397,0.312606,8.614583333333334,Fundamentus
548,VXXV11,Outros,815.0,-0.0526,0.0,1.62,389468000,7734280,1,126.68,13.79,0.10890000000000001,0.9,0.0,503.0864197530864,Fundamentus
549,WHGR11,Multicategoria,8.65,0.1246,0.1371,0.91,267392000,321315,1,5192.46,0.0,0.0,0.0,1.185915,9.505494505494505,Fundamentus
550,WPLZ11,Shoppings,49.49,0.1016,0.08900000000000001,0.91,58728900,3836,1,1654.77,178.84,0.1081,0.0824,4.404610000000001,54.38461538461539,Fundamentus
551,WSEC11,Outros,1.41,0.6208,0.0034000000000000002,0.96,3463680,0,0,0.0,0.0,0.0,0.0,0.004794,1.46875,Fundamentus
552,WTSP11,Multicategoria,62.49,0.0876,0.08789999999999999,0.65,77398400,8513,1,6243.57,633.91,0.1015,0.0171,5.492871,96.13846153846154,Fundamentus
553,XLPR11,Outros,74.0,0.10779999999999999,0.08,0.93,35650000,162455,0,0.0,0.0,0.0,0.0,5.92,79.56989247311827,Fundamentus
554,XPCA11,Multicategoria,7.39,0.1378,0.0,0.77,336416000,567485,0,0.0,0.0,0.0,0.0,0.0,9.597402597402597,Fundamentus
555,XPCI11,Outros,79.74,0.1637,0.1325,0.91,693862000,1641030,0,0.0,0.0,0.0,0.0,10.56555,87.62637362637362,Fundamentus
556,XPCM11,Escritórios,7.86,-0.0179,0.0,0.49,28915300,19030,1,1265.85,87.4,0.069,0.514,0.0,16.040816326530614,Fundamentus
557,XPHT11,Hotel,123.0,0.030699999999999998,0.0,1.78,1133880000,0,14,19789.3,692.37,0.035,0.0,0.0,69.10112359550561,Fundamentus
558,XPIN11,Logística,62.04,0.08779999999999999,0.1209,1.29,443612000,0,0,0.0,0.0,0.0,0.0,7.500635999999999,48.093023255813954,Fundamentus
559,XPLG11,Logística,96.43,0.0766,0.1012,0.92,4955550000,8431460,30,3231.02,238.73,0.0739,0.165,9.758716,104.81521739130434,Fundamentus
560,XPML11,Shoppings,103.21,0.0892,0.106,0.94,6637230000,20206700,17,5677.21,569.48,0.1003,0.052000000000000005,10.940259999999999,109.79787234042553,Fundamentus
561,XPPR11,Escritórios,12.54,0.0352,0.0,0.3,91744800,0,2,2563.12,449.8,0.17550000000000002,0.43939999999999996,0.0,41.8,Fundamentus
562,XPSF11,Outros,6.44,0.1288,0.1282,0.86,278866000,766079,0,0.0,0.0,0.0,0.0,0.8256080000000001,7.488372093023257,Fundamentus
563,XTED11,Multicategoria,8.82,0.5068,0.0,0.72,87318000,0,4,2136.75,422.5,0.1977,0.0,0.0,12.25,Fundamentus
564,YCHY11,Multicategoria,1000.0,-0.0529,0.0,9.89,4235040000,0,12,12634.4,99.19,0.0079,0.0,0.0,101.11223458038423,Fundamentus
565,YUFI11,Residencial,15.0,-0.0424,0.0,0.37,7389750,0,11,271.91,33.32,0.1226,0.0,0.0,40.54054054054054,Fundamentus
566,ZAGH11,Multicategoria,8.5,0.025,0.0764,0.98,199396000,306972,1,20706.5,683.55,0.033,0.0,0.6494,8.673469387755102,Fundamentus
567,ZAVC11,Outros,9.17,0.1449,0.16440000000000002,0.88,32850800,6752,0,0.0,0.0,0.0,0.0,1.507548,10.420454545454545,Fundamentus
568,ZAVI11,Multicategoria,9.84,0.1281,0.13949999999999999,0.7,115455000,55046,7,1562.99,251.27,0.16079999999999997,0.0042,1.37268,14.057142857142859,Fundamentus
569,ZIFI11,Outros,749.99,0.0,0.0,0.49,35613300,133,0,0.0,0.0,0.0,0.0,0.0,1530.591836734694,Fundamentus
