,preco,var_dia,data_preco,div_12m_y,vol_1a,dd_1a,cv_div,tend_div,meses_pagos
AAZQ11,5.849999904632568,0.05595666875706118,2026-10-07,1.8775,0.2519484624717207,-0.2593388177521617,1.3821068082169796,0.9546247818499132,10
ABCP11,78.04000091552734,-0.0003842548919449351,2026-10-07,7.200000000000001,0.23531686603304786,-0.1272305982696389,0.08703882797784891,-0.15384615384615397,12
ADSH11,10.069999694824219,0.0,2026-10-07,0.21000000000000002,0.1246207058974996,-0.11511427121642492,0.42591770999996004,,5
AFHF11,10.489999771118164,0.01844656086066987,2026-10-07,1.605,0.06636315012939464,-0.022222269317248466,0.20729974778335358,0.09803921568627438,12
AFHI11,96.5999984741211,0.004680155393664398,2026-10-07,12.043084,0.05792373947897412,-0.01929444485496168,0.021505075819686203,0.015803939954468715,12
AGRX11,8.09000015258789,,2026-10-07,0.0,,,,,0
AIEC11,69.1500015258789,-0.005035949267929385,2026-10-07,3.8600000000000003,0.19113255020597014,-0.09099823193484768,0.05324448737270517,0.0588235294117645,11
AJFI11,8.600000381469727,0.0,2026-10-07,0.6080000000000001,0.15962856852918322,-0.1116705301968467,0.1690162181403306,0.23529411764705888,12
ALMI11,639.0,-0.0015625000000000222,2026-10-07,40.19607500000001,0.3900665293585805,-0.17081198799186748,0.4871227164032304,0.007072625924273268,12
ALZC11,7.389999866485596,0.010943902097437785,2026-10-07,1.2020000000000002,0.1287528321801983,-0.046365900335177956,0.07517210335288377,0.030405405405405483,12
ALZR11,10.40999984741211,0.0028901476532217085,2026-10-07,1.004174,0.08886535304617603,-0.0783717854613094,0.006090017780793645,0.00045022252148507746,12
ANCR11,240.0,0.0,2026-10-07,1.440191,1.0556214020347048,-0.6546712853820189,,,1
APTO11,7.699999809265137,-0.021601026526808953,2026-10-07,0.9299999999999999,0.14158844592794925,-0.07502956856601295,0.15297564940884936,0.011904761904761862,11
APXM11,58.0,0.01754385964912286,2026-10-07,4.682469,0.6556956623663549,-0.5392229169529079,0.251761308983517,-0.06372005569245265,12
AROA11,1.1399999856948853,0.0,2026-10-07,0.0901,0.7364223254637687,-0.49122350463953,0.013267990054103724,0.011160714285714413,12
ARRI11,4.690000057220459,-0.010548463356974014,2026-10-07,0.9,0.2339611256288365,-0.3550051496030844,0.20100756305184236,-0.26923076923076916,12
ARTE11,6.489999771118164,0.012480487614731084,2026-10-07,0.7,0.7397844000626964,-0.35079086027537,0.044262666813799034,,6
ARXD11,7.900000095367432,0.02597406377356548,2026-10-07,1.1,0.20259796849642273,-0.08942536451427352,0.06298366572977736,0.0370370370370372,12
ASRF11,12290.0,0.0,2026-10-06,0.0,0.11811524709181569,-4.556223801710502e-05,,,0
ATSA11,57.0,-0.018932848588818052,2026-10-06,3.4699999999999998,0.2678732777560174,-0.1693572207058227,1.095047776659519,0.27737226277372296,11
AURB11,88.87999725341797,0.0,2026-10-06,5.994988,0.16603396342181065,-0.09423589914882335,0.4627017096412376,0.2377881355087319,13
AVUR11,87.29000091552734,0.0019513104176525076,2026-10-07,17.718999999999998,0.13465249597364454,-0.05349363551409636,0.3114331271381915,,7
AZPL11,7.260000228881836,0.0,2026-10-07,0.84,0.06817464311472853,-0.037019910177201965,0.04234147438994942,0.03333333333333344,11
BBFO11,68.3499984741211,0.0001463584542940044,2026-10-07,10.469999999999999,0.13376408986443894,-0.06404651880727485,0.12081427296800828,0.19037656903765687,12
BBGO11,66.08000183105469,0.011944850579541866,2026-10-07,10.32,0.1258640316969246,-0.17837185053150428,0.06834346670293702,-0.09594095940959413,12
BBIG11,5.860000133514404,0.0017094408623694601,2026-10-07,0.7200000000000001,0.20468249260568325,-0.3724802606899136,0.4128614119223851,-0.46808510638297873,12
BBRC11,103.0,0.007827818744094106,2026-10-07,14.75,0.14073108707453214,-0.037183866321716774,0.34053880284405036,0.006802721088435382,12
BCIA11,92.23999786376953,0.017427687379638845,2026-10-07,10.43,0.12649255744568155,-0.09609401796571171,0.03653414934469348,0.02131782945736438,12
BCRI11,58.88999938964844,0.03424658956743909,2026-10-07,9.39,0.16705278675277824,-0.17660193595752993,0.1002012063744076,-0.055900621118012306,12
BFCC11,104.95999908447266,0.0,2026-10-06,6.475239,0.030639036553389856,-0.0016656689497539512,0.06149044239642,0.0887591647778101,9
BGRB11,131.7899932861328,-0.0015153587295032578,2026-10-07,5.692818999999999,0.704296283105009,-0.22232849112554087,0.6056778690808475,0.7291227236267488,11
BICE11,400.0,0.0,2026-10-06,380.31999999999994,0.4108639503167431,-0.3522591506597913,2.133957396491409,1.0640493099289832,14
BIME11,4.96999979019165,0.0,2026-10-07,0.72,0.23060350650768477,-0.3314741062460703,0.12044984219221655,-0.16279069767441867,12
BLCA11,97.88999938964844,0.05348688461731088,2026-10-06,10.25,0.309570793812139,-0.13660423746169448,1.3444795763574195,1.4166666666666665,12
BLMG11,32.400001525878906,0.01155175649963458,2026-10-07,4.6859,0.26829071654203296,-0.11377953425010379,0.04134991139426255,0.006036217303823088,12
BLMO11,94.0,0.0,2026-10-06,5.819999999999999,0.15329707065382558,-0.07896322445260495,0.2030692330267239,-0.16981132075471717,12
BLOG11,7.829999923706055,0.0,2026-10-06,0.0,0.3873650173237588,-0.3469999790191649,,,0
BMLC11,98.95999908447266,0.0,2026-10-07,8.780000000000001,0.18912823906625742,-0.06070318624296289,0.046195581183093117,0.0658823529411765,12
BNFS11,35.900001525878906,-0.010474015055226937,2026-10-07,6.35,0.247443893422497,-0.4861813731996196,0.2693788134391609,-0.34272300469483574,11
BPML11,91.41000366210938,0.004505534748454609,2026-10-07,11.040000000000001,0.18013860046860375,-0.13180418935124905,0.0,0.0,12
BRCO11,112.25,0.0022321428571427937,2026-10-07,11.0,0.11900880568464468,-0.07348943816468478,0.05588439285156168,0.06766917293233088,12
BRCR11,44.65999984741211,0.011780708313412935,2026-10-07,4.92,0.15619709433338863,-0.19094985120467212,0.0,0.0,12
BRIP11,400.0,0.05263157894736836,2026-10-07,176.38,0.7957689462269101,-0.47727420119511144,0.3399389940633633,,5
BROF11,63.900001525878906,0.009478709258294415,2026-10-07,6.65,0.20468416886004057,-0.1382618805444109,0.029257510700281375,0.039877300613497146,12
BTAL11,86.80000305175781,0.01997655238682161,2026-10-07,11.8,0.17237609121290323,-0.09287783239359482,0.025035557487321933,0.034482758620689724,12
BTCI11,9.15999984741211,0.004385960784535126,2026-10-07,1.1760000000000002,0.11313639280075763,-0.09757767631491399,0.047063639680763714,0.04878048780487809,12
BTHF11,9.220000267028809,0.010964954246114766,2026-10-07,1.18999,0.13017193821391165,-0.07602936691268791,0.0458628471957456,0.037689001523998567,12
BTHI11,46.5099983215332,0.010427972082680537,2026-10-07,4.480732,0.2755635529377544,-0.11459369379643136,0.15941219001350232,0.26352533677161993,11
BTLG11,104.68000030517578,0.021168648168219617,2026-10-07,9.606969,0.06968949139506637,-0.0437925339321088,0.012660974322584806,0.02300360675732116,12
BTRA11,71.01000213623047,-0.0046256548724391555,2026-10-07,9.0,0.2540388315649747,-0.13201387193443115,0.2610992905125804,0.37254901960784315,11
BTRU11,86.01000213623047,0.00011630390965655657,2026-10-07,8.8,0.2436842866148446,-0.24832334818971957,0.054891578584050894,-0.08108108108108103,10
BTSI11,110.0,0.0,2026-10-06,9.86,0.05059453070895237,-0.018018018018017834,0.012533760256659672,0.02049180327868827,12
BTYU11,530.0,0.0,2026-10-06,102.765314,0.650032728532962,-0.4624498074346327,0.23409709096769388,-0.1775968434119527,12
CACR11,14.84000015258789,0.02557013674714015,2026-10-07,7.709999999999999,0.7499963532089652,-0.8403340293631574,0.5375294992876977,,8
CARE11,4.630000114440918,0.02660751207740697,2026-10-07,0.0,0.6426566929955325,-0.6230899696208576,,,0
CBOP11,28.0,0.0,2026-10-07,2.2600000000000002,0.5257112866509528,-0.3345256426032599,0.5498650524489735,-0.08474576271186451,12
CCME11,9.220000267028809,0.008752726553724832,2026-10-07,1.032,0.1748454032625404,-0.0810954167610265,0.03288868749704871,0.031496062992125706,12
CEOC11,42.779998779296875,0.02787121281071059,2026-10-07,5.5808219999999995,0.16798453383074666,-0.10143493278448046,0.07231272011997678,-0.02561301346843048,12
CFII11,365.0,0.0,2026-10-06,844.25,0.8297964518025412,-0.3306370985690388,0.7274463497961755,0.06924019607843124,12
CJCT11,73.43000030517578,-0.08201022295019988,2026-10-07,3.198099,0.16679306941734914,-0.08201022295019988,0.31077080895266196,0.07864347688181939,12
CLIN11,89.08999633789062,0.009518372100743688,2026-10-07,12.01,0.10353329599053648,-0.08018956173260916,0.11894695977468392,0.11072056239015837,12
CNES11,1.7300000190734863,-0.04419885427355441,2026-10-07,0.075724,0.7061202455003226,-0.4263312629559226,0.6134699573110536,,8
CPLG11,11.039999961853027,-0.012522391726406346,2026-10-07,0.13,,,,,1
CPOF11,118.0,0.0,2026-10-07,4.463952,0.09597669408325574,-0.054636383056640536,0.945769927517617,,7
CPSH11,10.239999771118164,0.02399997711181645,2026-10-07,1.3599999999999999,0.10814830118768344,-0.07810603727262921,0.1086101390994112,-0.05714285714285705,12
CPTR11,7.75,0.01706038272878274,2026-10-07,1.335,0.13524069881342604,-0.09197504856162675,0.02793624991047467,-0.022222222222222254,12
CPTS11,7.869999885559082,0.011568081404068398,2026-10-07,1.08,0.10344831987297275,-0.07272587371492323,1.610541847623269e-16,0.0,12
CPUR11,10.34000015258789,0.0,2026-10-07,1.1402940000000001,0.14709526325204317,-0.05852977180053087,0.12254289766623937,-0.06833289289126498,12
CRAA11,95.86000061035156,0.010222375665953853,2026-10-07,14.25,0.1192756918638235,-0.10601505598219352,0.08999286465461244,-0.0872483221476511,12
CRFF11,66.98999786376953,0.007519928050297775,2026-10-07,7.680000000000001,0.2690863741512462,-0.18426213197464536,0.02492887610054582,0.031746031746031855,12
CTXT11,4.619999885559082,-0.008583683082144522,2026-10-07,0.0,0.6544407550566649,-0.31666662211369945,,,0
CXAG11,72.62999725341797,-0.004932190997230523,2026-10-07,8.760000000000002,0.12847991634027295,-0.08496456335685176,0.05663171606925067,-0.027027027027027084,12
CXCE11,40.939998626708984,0.0063913057911193505,2026-10-07,5.687123,0.164107645142071,-0.06661837598989606,0.016659713533943285,-0.013682487359197526,12
CXCI11,67.80999755859375,0.025094421684411117,2026-10-07,9.2,0.11419299863895947,-0.11451526298347348,0.05788861073469097,-0.04255319148936154,12
CXCO11,71.44999694824219,0.0029477693819450757,2026-10-07,9.06,0.1849209951917802,-0.13209799441990366,0.0695149188385843,-0.013157894736842257,12
CXRI11,69.0,0.006858328163944272,2026-10-07,7.5,0.3543315405566803,-0.20224863169114327,0.034451547003133146,0.049180327868852514,12
CXTL11,322.1000061035156,-0.07968794796726186,2026-10-06,8.740428,0.5338262003131252,-0.5446879416003902,0.7594081359354252,1.1341956129168231,11
CYLD11,129.1999969482422,0.0,2026-10-06,68.528291,1.0787755789483064,-0.3984962406015037,1.064056879693462,,4
DAMA11,6.559999942779541,-0.020895503055387565,2026-10-07,0.725055,0.6526332375491454,-0.4528822839436183,0.12484643952329356,-0.14072820677949338,10
DAMT11,11.270000457763672,0.005352401374890459,2026-10-07,1.293312,2.2719182530317834,-0.5012425079365077,,,2
DAYM11,4.010000228881836,-0.002487500520428565,2026-10-07,0.436,0.3451497097888518,-0.12385325315032403,0.027102713610128237,0.03738317757009324,12
DCRA11,6.550000190734863,0.01236482274149231,2026-10-07,1.1300000000000001,0.2194213708448737,-0.16764275735093936,0.10579167290926958,0.017857142857142794,12
DEVA11,18.25,0.03811149483513199,2026-10-07,3.96,0.232465121930146,-0.3670020274585519,0.1409542568095431,-0.13207547169811307,12
DPRO11,5.239999771118164,-0.016885582340742666,2026-10-07,0.72,0.4941775590007609,-0.25226170420563077,3.623719157152354e-16,0.0,12
DVFF11,5.630000114440918,0.005357180414151896,2026-10-07,1.06,0.17189106698878953,-0.0826042158560929,0.8973676943844616,0.6835443037974682,12
DVLP11,141.89999389648438,0.0,2026-10-06,4.02,0.1648928496642065,-0.05582540265122615,,,1
EBTA11,1.2000000476837158,,2026-09-04,0.0,,,,,0
EDFO11,136.99000549316406,0.0,2026-10-06,9.994869000000001,0.49821033632325845,-0.2180016499401518,0.06452943411829977,-0.03464439378652384,12
EDGA11,13.020000457763672,0.017187520605511653,2026-10-07,0.687865,0.35345843873193145,-0.21376285456429678,0.9724960842397681,0.5562180276428599,10
EDGE11,834.0,0.0,2026-10-06,193.17000000000002,0.16190342722101517,-0.20571428571428574,0.37406097631514623,,3
EGAF11,82.06999969482422,0.00823093558213639,2026-10-07,16.45,0.1110723175067244,-0.1437040778859482,0.07304497604296802,-0.06242638398115419,12
EIRA11,104.58999633789062,0.0,2026-10-07,13.412500000000001,0.4553158405668171,-0.26982310751250504,0.06685504050023235,-0.02474379719525377,11
EMET11,9.289999961853027,0.0,2026-10-06,1.3584620000000003,0.7089101999223731,-0.2813736638020129,0.6896542011592989,-0.4535904797247917,12
EQIR11,8.460000038146973,0.0,2026-10-07,1.200695,0.08600866632843857,-0.05265016684668,0.0020051308804656825,0.0011583333333333723,12
ERPA11,124.98999786376953,7.996884755545608e-05,2026-10-07,11.2,0.309183209359398,-0.14728682170542629,0.005275349613399921,0.007168458781361853,12
EURO11,314.79998779296875,-0.00022233723538089833,2026-10-07,24.240000000000002,0.34775409445542027,-0.17380532066823096,0.11596710029869103,-0.02815013404825739,11
EXES11,9.5,-0.010416705989173769,2026-10-07,1.56,0.07174069260032791,-0.020042150797243696,2.229981019786065e-16,0.0,12
FAED11,161.47999572753906,0.007675480359058184,2026-10-07,20.605936,0.15136933880501427,-0.08459374224892813,0.026940720465210056,0.013447911766815146,12
FAMB11,710.0,0.0,2026-10-06,0.0,0.6714358317734677,-0.5450847457627122,,,0
FATN11,86.0199966430664,-0.01904442640944992,2026-10-07,8.8,0.09606195824696932,-0.09001818524421368,1.4494876628609415e-16,0.0,12
FCFL11,125.97000122070312,0.003745029647036935,2026-10-07,11.067916,0.16616780447128357,-0.06500077251677083,0.014322264260477885,0.009456208119368537,12
FGAA11,8.229999542236328,0.0,2026-10-07,1.385,0.08840704208719471,-0.12550182737997906,0.04315689183663341,-0.07638888888888884,12
FIGS11,49.900001525878906,0.0038222177611264563,2026-10-07,5.779999999999999,0.12897956426321558,-0.062349631912304915,0.011986510779023381,0.00694444444444442,12
FIIB11,450.0,0.023890784982935065,2026-10-07,36.53,0.10159547274010886,-0.09722409089878115,0.1522177219752027,-0.1587701612903225,12
FIIP11,135.0,0.02857142857142847,2026-10-07,16.9,0.24167233809295113,-0.24319434321649924,0.007312596220749413,0.011904761904761862,12
FISC11,70.0,0.16472548714193103,2026-10-07,6.49,0.48190063169337044,-0.20415344930577284,0.05325812088033774,0.014204545454545636,12
FIXX11,91.88999938964844,0.00437207930067407,2026-10-07,0.0,0.12069625951222372,-0.07930105533645826,,,0
FLCR11,93.19999694824219,-0.005866699218750049,2026-10-07,13.05,0.13594169015491117,-0.06701138065851386,0.06238165749884761,0.02325581395348819,12
FLMA11,159.0,-0.011808539270093066,2026-10-07,12.95,0.18460932311871345,-0.107051521488566,0.11733911469830781,0.12349397590361444,12
FLRP11,20.5,-0.0004875781945508084,2026-10-07,1.7999999999999998,0.18623710411864783,-0.08157704780836483,1.9326502171479228e-16,0.0,12
FMOF11,34.349998474121094,0.0,2026-10-07,61.65,0.9344737268170689,-0.2811730836015658,1.104198815079313,,5
FPAB11,205.99000549316406,-4.851702347541398e-05,2026-10-07,23.353511,0.3435872997168005,-0.12421193158200772,0.4041401359663538,-0.1396829142062329,12
FPNG11,349.989990234375,0.0,2026-10-06,0.0,0.2567635631546004,-0.2708541870117188,,,0
FTCA11,7.349999904632568,0.0323033739845946,2026-10-07,0.376,0.26055423295035296,-0.26969620571799224,0.12191569813951124,,4
FVPQ11,52.0,0.040000000000000036,2026-10-07,4.45,0.298689513235594,-0.3421027077511858,0.18707105966981943,0.11842105263157898,11
FYTO11,8.180000305175781,0.0,2026-10-07,1.2091,0.11544807454657016,-0.07049520087999761,0.07608692378260026,-0.008072487644151582,12
FZDA11,130.0,0.0,2026-10-07,5.351837,0.4479710092056153,-0.21120000203450529,,,2
FZDB11,158.8699951171875,,2026-09-30,0.0,,,,,0
GAME11,8.789999961853027,0.005720845771654659,2026-10-07,1.1800000000000002,0.15419018649588082,-0.07941049334367967,0.025035557487321933,0.0344827586206895,12
GARE11,8.880000114440918,0.014857155936104816,2026-10-07,0.913,0.07503893313435969,-0.07592137398276666,1.7536321260076694e-16,0.0,11
GCOI11,50.7400016784668,0.0,2026-10-06,65.3116,0.6440487827068162,-0.3036915086318319,1.012353355928086,,4
GCRA11,52.0,0.0389610547984891,2026-10-07,8.16,0.1645534025803828,-0.13143510856295304,0.0,0.0,12
GCRI11,72.13999938964844,0.02413397060365363,2026-10-07,10.129999999999999,0.15470308558476123,-0.06571370526189124,0.0581339856439702,0.06734693877551035,12
GFDL11,120.41999816894531,0.00033228872271151566,2026-10-06,0.0,0.013394567826619559,-0.0010203191989850424,,,0
GGRC11,9.300000190734863,0.0021552218037907966,2026-10-07,1.2000000000000002,0.0863260139218345,-0.10008034384668318,1.4494876628609415e-16,0.0,12
GLCR11,94.43000030517578,0.0,2026-10-06,10.8,0.0627369508716654,-0.04357956321232237,0.009475587393582693,0.007434944237918462,12
GLPF11,109.52999877929688,0.0,2026-10-06,10.028500000000001,0.039800785273928246,-0.011952188207570491,0.26448760466914334,-0.07347997310536925,12
GRUL11,8.210000038146973,-0.012033739641416186,2026-10-07,0.96,0.24903949608958612,-0.11148431922695767,1.8118595785761775e-16,0.0,12
GRWA11,7.269999980926514,-0.002743481622931254,2026-10-07,1.05,0.25015793000529,-0.11010560402526681,0.0859256652848759,0.11111111111111116,11
GSFI11,12.279999732971191,0.011532074603724407,2026-10-07,0.11,0.18446632436772026,-0.09924934137611918,,,1
GTWR11,79.66000366210938,-0.0002509618849123596,2026-10-07,10.8,0.0962142168658745,-0.0837249038361928,0.0,0.0,12
GZIT11,39.369998931884766,0.027668951203242642,2026-10-07,6.36,0.19074473924019983,-0.255244826848102,0.3508714583492816,-0.39393939393939403,12
HAAA11,58.0,0.03571428571428581,2026-10-07,0.72,0.4389312618258844,-0.12117231105683302,0.0,0.0,9
HABT11,68.80000305175781,0.006289312387036228,2026-10-07,11.39,0.14130140972117922,-0.1323494050681543,0.01141659002055308,-0.0017543859649122862,12
HBCR11,143.4199981689453,0.0,2026-10-06,14.951,0.173550368713369,-0.0748299319727892,1.7547484990220792,1.6501464843750004,12
HCRI11,280.4599914550781,0.019854514382102284,2026-10-07,50.620633999999995,0.2890365120607405,-0.20439588572698575,1.312387107320591,-0.5663293495045885,12
HCTR11,13.739999771118164,0.03463855778587832,2026-10-07,3.3,0.24279115295385398,-0.3917782728933985,0.1737032020551359,-0.16666666666666663,12
HDEL11,3.2699999809265137,0.0,2026-10-06,91.8,1.3763897413189232,-0.9625287357418016,,,2
HFOF11,6.679999828338623,0.022970844366125398,2026-10-07,0.708,0.13400427559456518,-0.09751940170003592,0.030662170635026777,0.0344827586206895,12
HGAG11,14.989999771118164,0.0,2026-10-07,1.3900000000000001,1.175476923334256,-0.4530501415648036,0.133704605322312,0.005291005291005346,11
HGBL11,9.140000343322754,0.0,2026-10-07,0.8759999999999999,0.17781733397754948,-0.09717237770824882,0.04745344678270902,-0.027027027027027084,12
HGBS11,19.399999618530273,0.021052611501593432,2026-10-07,1.97,0.08559508979316707,-0.09194307378669364,0.05484284085554441,0.0736842105263158,12
HGCR11,96.30999755859375,-0.0070110353660477465,2026-10-07,11.7,0.1154972494468719,-0.07517135265685182,0.026781177839338154,-1.1102230246251565e-16,12
HGIC11,43.20000076293945,-0.08085104759703288,2026-10-07,7.4558,0.45485041616395727,-0.33622923201252874,0.13073434253691996,-0.14762964168791948,11
HGLG11,156.49000549316406,0.016168866838727647,2026-10-07,13.41,0.07347308839381402,-0.05423724706363142,0.028329924993883763,0.03181818181818197,12
HGRE11,123.93000030517578,0.0090376210153853,2026-10-07,11.5,0.16494610896927914,-0.12293434982941032,0.26401268541129913,0.0,12
HGRU11,120.25,0.005602928237882887,2026-10-07,10.945039999999999,0.10778964118301111,-0.1274446855717608,0.15127680704599994,-0.09463443770889701,11
HIRE11,100.36000061035156,0.0,2026-09-16,8.2925,0.09422755739587761,-0.050019970525420177,0.11142404044358599,0.09036860879904896,9
HJCT11,122.5,0.0,2026-10-06,12.059999999999999,0.14739984382473165,-0.022956516431725693,0.19754856786144762,0.15646258503401378,10
HLOG11,9.34000015258789,0.006465562644740297,2026-10-07,0.9510000000000001,0.13882936717230324,-0.05193019142686772,0.2638689024621608,-0.039175257731958735,12
HOFC11,35.880001068115234,0.025142887660435376,2026-10-07,0.0,0.3658657314974361,-0.11426189799476538,,,0
HOSI11,76.80000305175781,0.0,2026-10-06,4.205347,0.2884369568276306,-0.17538803259161273,1.896641022688362,0.5365275703994759,10
HPDP11,90.0,0.0,2026-10-07,7.92,0.2633251434843758,-0.11091748656582978,0.2787070190558373,-0.14084507042253536,12
HRDF11,3.9600000381469727,0.0,2026-10-07,0.0,1.1246035349898256,-0.43120803973045585,,,0
HREC11,8.470000267028809,0.009535151422219279,2026-10-07,1.05,0.1670960758608752,-0.05923615882650468,0.08952565163435891,0.18749999999999978,12
HSAF11,78.5999984741211,-0.0011437789362400697,2026-10-07,10.45,0.13325224602642882,-0.0901468046552435,2.451393119303353e-16,2.220446049250313e-16,11
HSLG11,86.97000122070312,-0.0003448135551364917,2026-10-07,8.76,0.21943912495430956,-0.21731209468525425,0.02185545301965661,0.03720930232558173,12
HSML11,90.88999938964844,0.021580287092302974,2026-10-07,8.66,0.15028955968147759,-0.11584344695430304,0.034872214481620124,0.061904761904761685,12
HTMX11,139.8300018310547,0.014731485735413274,2026-10-07,16.96,0.1066889035970697,-0.0848344135387965,0.37247727453191004,0.11735330836454416,12
HUCG11,86.02999877929688,0.0,2026-10-06,7.371011,0.5150945538571499,-0.1967524750094941,0.26675721716478296,-0.15505214025500902,11
HUSI11,1199.989990234375,0.0,2026-10-06,111.09393800000001,0.4585538025965488,-0.180327868852459,0.05846198196029614,0.034425120481713645,12
IAAG11,7.650000095367432,0.013245020146527287,2026-10-07,1.27,0.17963913791628325,-0.16710089459903021,0.0977139657164634,-0.1263440860215055,11
IAGR11,4.150000095367432,0.0,2026-10-07,0.0,0.24550508062834459,-0.17083336230781154,,,0
IBBP11,8.34000015258789,0.010909109404592776,2026-10-07,0.93311,0.6527632769401984,-0.3155386096282743,0.05733488509377633,0.049394917748347256,12
IBCR11,47.0,0.0004257228173383254,2026-10-07,7.52,0.36526425749076213,-0.30114365520315334,0.0776801064509306,-0.1010101010101011,12
ICNE11,500.0,0.0,2026-10-06,305.583031,0.605033827396292,-0.4272779579382836,0.7321913838063212,0.3743860450873877,10
ICRI11,94.5,0.03504925346418797,2026-10-07,12.2,0.15711874073331522,-0.10604203005422419,0.0847515183792127,0.12173913043478257,12
IDUA11,29.059999465942383,0.0,2026-10-06,0.144728,,,,,1
INHF11,9.800000190734863,-0.06666664850144155,2026-10-07,0.19,,,,,2
INLG11,63.810001373291016,0.012857164655412978,2026-10-07,7.629999999999999,0.13047523112066695,-0.18798368624808148,0.1024660639122436,-0.1066997518610423,12
INRD11,72.6500015258789,0.0,2026-10-06,8.329999999999998,0.17056499148888996,-0.07058095728296943,0.03553096899627545,0.06699751861042169,12
IRIM11,67.0,0.019942114627903074,2026-10-07,10.080000000000002,0.17809078406951337,-0.17479227520706264,0.15521910488577734,0.10878661087866082,12
ITIP11,54.20000076293945,0.0,2026-10-06,7.2,0.14253044084163125,-0.23078502785764599,0.10698351859529023,0.05995203836930463,10
ITIT11,64.16999816894531,-0.01625027032710724,2026-10-07,6.81,0.1808256255962105,-0.272597646108212,0.01972291734552814,0.02732240437158473,11
ITRI11,81.38999938964844,0.006803600651575259,2026-10-07,10.440000000000001,0.16792775439605948,-0.14789466847713584,0.15767744626908203,-0.09836065573770503,12
JASC11,100.0,0.0,2026-10-06,8.52,0.3079605397218312,-0.17575104274860787,0.020804195658478793,0.03341288782816254,12
JCCJ11,145.0,0.0,2026-10-07,18.459603,0.5056038555412503,-0.27082364235994594,0.35181855254625183,0.35466043369798195,12
JFLL11,50.79999923706055,0.0057414556555965834,2026-10-07,14.649096,0.19017704370844823,-0.2400819114460615,1.7586823873029191,-0.88641214690722,14
JGPX11,56.38999938964844,0.020633473115808876,2026-10-07,9.79,0.23156951915608417,-0.2518975276340123,0.2090274684076643,-0.2065622669649516,10
JPPA11,78.0,0.02766796352968548,2026-10-07,14.22,0.1679713769261459,-0.13735824648418293,0.11679320460032286,0.17099236641221371,12
JSAF11,7.559999942779541,0.021621600722988132,2026-10-07,0.965,0.1292304635395834,-0.12493398943555245,0.017948713031801858,-0.010309278350515538,12
JSCR11,8.210000038146973,0.006127474469343364,2026-10-07,1.177,0.19143999891779415,-0.08678467237799103,0.0641078874846001,0.06491228070175459,12
JSRE11,67.7699966430664,0.011190689906988904,2026-10-07,5.82,0.15534597604423117,-0.1473939232143352,0.018650186262542095,0.02083333333333326,12
KCRE11,8.90999984741211,0.004509578621094468,2026-10-07,1.1400000000000001,0.09947060679569254,-0.07931424535690423,0.19820397298763612,0.23529411764705843,12
KDOL11,78.02999877929688,0.006578975210470128,2026-10-07,4.890000000000001,0.17232707354429336,-0.1519021705781597,0.10027959291292049,-0.08440629470672378,11
KFOF11,82.37000274658203,-0.012113151116643128,2026-10-07,9.600000000000001,0.14189789646030163,-0.09401432016174416,1.4494876628609415e-16,0.0,12
KISU11,6.25,-0.014195607322052495,2026-10-07,0.8287100000000001,0.14607360626205826,-0.145954668572427,0.04719347809837611,-0.02688095238095245,12
KIVO11,57.119998931884766,0.022190369364131435,2026-10-07,10.64,0.13384188230713703,-0.16338880162379454,0.09598018852102844,-0.047706422018348515,12
KNCA11,89.38999938964844,-0.0011174262655958556,2026-10-07,11.57,0.09952893788282582,-0.08906566646466718,0.0985117269366869,-0.06746031746031755,11
KNCR11,105.58999633789062,0.0027539722481324524,2026-10-07,13.912377,0.06825745420243147,-0.024168635419715923,0.08145195041223018,-0.03667128273495879,12
KNHF11,96.9800033569336,0.009892789646078093,2026-10-07,12.0,0.09141493224837809,-0.07882013691310674,0.0,0.0,12
KNHY11,97.30000305175781,0.009859933499551499,2026-10-07,12.379999999999999,0.07708298263546218,-0.05371656216587317,0.1608650443874256,0.0876897133220913,12
KNIP11,93.0999984741211,0.008885995943556324,2026-10-07,10.11,0.11858626329363697,-0.043199739480019095,0.2776777048834449,0.27702702702702675,12
KNPR11,25.600000381469727,-0.08669283787543824,2026-09-18,62.75,1.2504666191300016,-0.35999999046325704,0.9393185446187203,,3
KNRE11,0.23000000417232513,0.0,2026-10-07,0.00124,0.734666679673937,-0.4864864995481323,,,1
KNRI11,165.6999969482422,0.003816499643003235,2026-10-07,13.21,0.15310625811510153,-0.11664222801679136,0.11269376179035867,0.0868878357030014,12
KNSC11,9.180000305175781,-0.00433839053086249,2026-10-07,1.12826,0.08220487007064943,-0.04390653320535254,0.10578807998483641,0.055586426782054055,12
KNUQ11,102.41000366210938,0.0002930885866028188,2026-10-07,14.460408999999999,0.054964530233285507,-0.02121560811976364,0.0639410514739991,-0.031179864468403817,12
KOPA11,232.25999450683594,0.009255592833746551,2026-10-07,675.65,0.1948068987904222,-0.18801763539004723,0.6740098436144679,-0.04725433526011569,12
KORE11,71.80999755859375,0.0005573487167107594,2026-10-07,9.15,0.1947767716229855,-0.18330630448566465,0.38553909634533723,-0.3513513513513512,12
LAFI11,124.0,-0.001610281426379867,2026-10-06,13.71,0.19476877226124573,-0.08521089078966759,0.593273027873715,,4
LASC11,109.98999786376953,-0.006593238338919893,2026-10-07,8.049999999999999,0.1945585529994308,-0.061726073058899544,0.13430571330839422,-0.078758949880668,12
LIFE11,7.139999866485596,0.017094000838336676,2026-10-07,1.425,0.16815892879541727,-0.20082776300938054,0.019042821762806087,-0.02083333333333337,12
LMAI11,33.58000183105469,-0.018415588140249683,2026-10-07,3.3200000000000003,0.40702453432285035,-0.49689893403473184,0.33139001658133005,-0.3232323232323232,12
LPLP11,287.0,0.0,2026-10-06,109.308751,1.026130163379143,-0.5142207791875428,1.0436303361003207,-0.4007474610371401,12
LRDI11,194.0,-0.010204081632653073,2026-10-07,87.595674,0.7734554829590189,-0.3235153618440466,0.8964205414835813,,6
LSAG11,73.94000244140625,0.03354768654130669,2026-10-07,12.57,0.2249420197619385,-0.14391483018736106,0.02994770719545,-0.02668759811616972,12
LSOI11,15.319999694824219,0.0,2026-10-06,0.0,0.2769716843644553,-0.019575837409266716,,,0
LSOP11,11.100000381469727,0.0,2026-10-06,0.3828,0.2105173691805417,-0.08256877523190465,,,2
LVBI11,102.91999816894531,0.011101259880680336,2026-10-07,9.1,0.11391853829803004,-0.10985981705130754,0.025664800356973303,0.022222222222222143,12
MANA11,9.260000228881836,-0.001078773288890278,2026-10-07,1.2650000000000001,0.07580106481701805,-0.035980790320713996,0.051444172026953165,0.08333333333333304,11
MAXR11,52.5,0.009615384615384581,2026-10-07,3.589847,0.22381418357600938,-0.25671534991478007,0.3156353903681507,-0.03279562615386389,12
MCCI11,95.16999816894531,0.003479563937128116,2026-10-07,12.0,0.10661358755094358,-0.04042326733258261,0.0,0.0,12
MCLO11,10.0,-0.03846150319251662,2026-10-07,0.9393340000000001,0.36627622138380134,-0.09007357404435135,0.2837586355317166,-0.051270259728235956,11
MCRE11,8.84000015258789,0.06377854467011423,2026-10-07,1.3000000000000003,0.19511438168171116,-0.18317969255711652,0.03593072049976258,-0.030303030303030276,12
MFII11,37.33000183105469,0.015782362749787504,2026-10-07,10.0,0.5344711682583103,-0.6102692472843634,0.39374010810085464,-0.43014128728414447,12
MGHT11,12.899999618530273,0.0031104170233984263,2026-10-07,0.0,0.5298158496354494,-0.5005000114440912,,,0
MIDW11,11.0,0.0,2026-10-06,0.434,0.10650090538178508,-0.033980618930916306,0.44124273561606725,,6
MXRF11,9.449999809265137,0.009615401270200552,2026-10-07,1.19438,0.0777063937521794,-0.05656969020522851,0.014577210964050262,0.008927970720023826,12
NAVT11,68.16000366210938,0.05576217843329867,2026-10-07,10.941772,0.17792425138722034,-0.16234350360184557,0.17657170266291766,0.10752167082838016,12
NCRI11,8.449999809265137,-0.04627537960490968,2026-10-07,1.18,0.3305278813867159,-0.11398958251595703,0.08321487793111818,0.1333333333333333,12
NEWL11,109.5,0.0006396755426210099,2026-10-07,11.98,0.15326872338880057,-0.1317541736094714,0.0321991678163371,0.0033444816053511683,12
NEWU11,110.0,0.0,2026-10-06,5.572649999999999,0.3535983065427117,-0.1951742204436422,0.5282324450966152,0.6886594456372279,12
NEXG11,131.10000610351562,-0.002283012229095549,2026-10-07,10.77,0.31984802751522046,-0.11742705539716602,0.12535100303530267,-0.05244122965641951,12
NSLU11,191.5,0.02901662396228355,2026-10-07,49.788806,0.14391730825893048,-0.09561704165149487,1.180936784610816,-0.599028198270122,13
NVHO11,14.470000267028809,-0.001380228047292209,2026-10-07,1.249147,0.7894788712659213,-0.2512439585663788,0.28845925359830393,-0.1641518516788184,13
OCRE11,85.0,0.0,2026-10-06,5.141357,0.6767164804207251,-0.3800788412763887,0.24954979287276804,-0.19901735738073134,12
OIAG11,8.180000305175781,0.004914000020385556,2026-10-07,1.42,0.16464089021710712,-0.12371237938064261,0.027521363969532208,-0.02777777777777779,12
ONDA11,7.96999979019165,0.0075853279313489175,2026-10-07,1.1600000000000001,0.4345855758488014,-0.3885562690378951,0.2824641022934123,-0.22222222222222232,11
OUJP11,70.06999969482422,-0.0029880348338099383,2026-10-07,14.18,0.1872797316288107,-0.21427843321750073,0.1554089823015714,0.2507936507936508,12
OXRL11,131.39999389648438,0.0,2026-10-06,9.115575999999999,0.3154491495485386,-0.18598713400190314,0.14088900374596844,0.07218852215433147,11
PATA11,10.100000381469727,0.0,2026-10-07,1.00324,0.633020485053501,-0.1657407342815269,0.18615289992111683,-0.08717205613178758,12
PATC11,34.0,0.0,2026-10-06,0.7200000000000001,0.14296400001191054,-0.18172788241537963,0.3015113445777636,0.40000000000000036,12
PCIP11,78.44999694824219,0.02281616779177864,2026-10-07,9.74,0.153761167534988,-0.15618196191423195,0.09413278381223225,0.08097484276729539,11
PDBM11,115.0,0.0,2026-10-06,15.553647,0.2051494149951415,-0.13043478260869568,0.4050203189306729,-0.28199085924166634,12
PEMA11,23.84000015258789,0.0,2026-10-06,6.860578,0.5799079847984694,-0.41288135538889126,0.7058868902615968,-0.5704669178487799,12
PLAG11,63.9900016784668,-0.00015622377395629883,2026-10-07,6.7,0.19096709723347685,-0.10829806126621877,0.13745126113245132,0.20437956204379581,11
PLCA11,73.4000015258789,0.01944446563720703,2026-10-07,11.4,0.1362333283515121,-0.10272445594373691,0.0225354957520441,0.02941176470588247,11
PLRI11,5.090000152587891,-0.09591473372583603,2026-10-07,2.778313,0.844252657560862,-0.5122156682665953,0.906786794299203,,3
PLTB11,1.0,,2026-09-30,0.0,,,,,0
PMFO11,83.77999877929688,0.0,2026-10-06,10.2,0.06586481789615344,-0.04909996944025852,0.02128315373490098,0.023809523809523725,12
PMIS11,7.849999904632568,0.026143765591094548,2026-10-07,1.1340000000000001,0.16288967976323143,-0.0709121191543628,0.07155761240412278,-0.027826086956521667,12
PMLL11,109.62999725341797,0.005872092872672541,2026-10-07,11.58,0.08484483651488711,-0.06781181408750014,0.06561386773194858,0.07526881720430101,12
PMRL11,111.04000091552734,0.00018018621028481618,2026-10-06,0.573,0.16211338704084105,-0.09346385447173411,,,1
PNPR11,47.0,0.0,2026-10-06,44.5493,0.8684684544761736,-0.1250000000000001,1.519559354561171,,3
PORD11,8.619999885559082,0.008187098627211009,2026-10-07,1.1900000000000002,0.09962135553275207,-0.04523799738375345,0.015992500055773257,-0.023255813953488413,12
PQAG11,56.54999923706055,0.010182202563152165,2026-10-07,5.359999999999999,0.38033999311504796,-0.20814886842339242,0.009585994461690402,0.012396694214876103,11
PQDP11,2508.0,0.0032000000000000917,2026-10-07,221.67114800000002,0.17693589647015157,-0.10534480344350594,0.25827097108123886,-0.10958308152565155,12
PRSN11,4.809999942779541,0.0,2026-10-06,0.16777999999999998,0.4363110434731639,-0.602296897223562,,,2
PRSV11,26.739999771118164,0.0,2026-10-07,0.0,1.0230989896088607,-0.4043364481088486,,,0
PSEC11,55.290000915527344,0.030568487288063828,2026-10-07,4.2,0.11870383098890096,-0.18831188840838375,0.09622504486493759,,7
PVBI11,69.30000305175781,0.004347870315330571,2026-10-07,4.99,0.20932088764298792,-0.21486221046175447,0.07704835705079562,-0.11698113207547156,12
RBDS11,2.049999952316284,-0.08888891008165145,2026-10-07,0.0,1.216386364932856,-0.5172414034073467,,,0
RBFM11,10.390000343322754,0.017629804554677442,2026-10-07,1.3780000000000001,0.16132611141294173,-0.13867107308298843,0.24534898176245237,-0.11232876712328765,12
RBFY11,74.9000015258789,0.0,2026-10-06,1.09,0.2830902320816001,-0.1834795315691663,0.41715385483998735,,5
RBHG11,60.099998474121094,0.012636900072154678,2026-10-07,8.84,0.18152966685497476,-0.18694387358153874,0.025055986531108087,-0.02777777777777768,11
RBHY11,60.79999923706055,0.01604276540816718,2026-10-07,11.28,0.1355346548677009,-0.2282808722718035,0.04804441101006823,-0.06973108192620392,11
RBIR11,72.0,-0.014778349808356905,2026-10-07,27.667144,0.14972675741407296,-0.08627307780426763,0.6681150776150517,0.8314448394162208,9
RBLG11,17.690000534057617,0.0,2026-10-06,1.914993,0.8755396220345351,-0.7260073007930188,0.6877574039228357,,8
RBOP11,211.0,0.0025657762468238587,2026-10-07,23.45,0.38083405730541997,-0.19525277879608116,1.9333190622032448,-0.6770216962524654,11
RBRD11,38.38999938964844,0.007611572890857898,2026-10-07,6.710000000000001,0.15960061187722643,-0.09935662338672913,0.05678855106783203,-0.032258064516129226,12
RBRI11,225.02000427246094,0.0,2026-10-06,366.75930500000004,0.7110899774566576,-0.6033611135772707,0.24114260041065583,,4
RBRL11,83.19999694824219,0.04013000587822968,2026-10-07,8.85,0.15640255338711326,-0.2249252853437902,0.11432828443416988,-0.20000000000000007,13
RBRP11,53.40999984741211,0.007735846177586936,2026-10-07,4.700000000000001,0.1679326068890375,-0.20509234164928236,0.04969142196775684,-0.04166666666666652,12
RBRR11,74.4000015258789,0.013071882523949974,2026-10-07,9.93,0.14285122460136618,-0.1928135970156194,0.11853041188474778,0.15869565217391313,12
RBRS11,46.4900016784668,0.00627707599000682,2026-10-07,2.05,0.4711965182186804,-0.24459501717629006,0.6146763790790913,0.5308641975308641,12
RBRX11,7.929999828338623,0.027202078219455306,2026-10-07,1.08,0.14693383719549838,-0.17550906017024837,1.610541847623269e-16,0.0,12
RBRY11,87.95999908447266,0.0236238656125618,2026-10-07,13.3,0.12283120172558488,-0.1835057712678937,0.1030047746739471,-0.16298342541436472,12
RBTS11,210.1699981689453,0.0,2026-10-06,84.245911,0.4403417044520106,-0.4061772350820917,0.641420725273121,,3
RBVA11,8.90999984741211,0.006779600379228201,2026-10-07,0.99,0.11786034035252381,-0.12475277777975957,1.617238516207073e-16,-1.1102230246251565e-16,11
RCFF11,75.0,0.0,2026-10-06,1.0476999999999999,0.7621488733514734,-0.5558137153997554,0.5985793995411889,,3
RCRB11,139.0,0.014598540145985384,2026-10-07,13.16,0.14921364539946533,-0.07505246855357173,0.12248215022754563,0.17880794701986735,12
RCRI11,102.94999694824219,0.011495364344446202,2026-10-07,13.7,0.08363430197296894,-0.0494391441644062,0.10536355050608509,0.07575757575757591,12
RDLI11,14.5,0.0,2026-10-06,138.15774700000003,1.8132579288600603,-0.7657944985750268,0.48060163045208054,,7
RECD11,5.5,-0.03508768701010212,2026-10-07,2.6309,0.791008712543334,-0.32129753682902595,1.7404432900566709,-0.4584168150786584,13
RECM11,6.940000057220459,0.005797095840604838,2026-10-07,1.26,0.2118630271472163,-0.13969809380292375,0.07597371763975858,-0.09090909090909083,12
RECR11,77.9800033569336,0.017351621716610754,2026-10-07,10.628152,0.5148155057214341,-0.295741420452586,0.21050402692253675,0.355398590326959,12
RECT11,35.72999954223633,0.035052116698350844,2026-10-07,5.232941,0.4525362197926793,-0.25723047074195104,0.11058969549308852,0.0659545563832713,12
REIT11,61.0099983215332,0.0,2026-10-06,37.269999999999996,0.5026864707620637,-0.3523750464991465,0.14649852428226462,,4
RELG11,69.94999694824219,0.0,2026-09-25,19.526039,0.591880791513324,-0.30548304562487805,1.864407891048874,2.477608975926507,11
REME11,81.81999969482422,0.01867529887573771,2026-10-07,5.0,0.6894897526493471,-0.18469384957323975,0.13490737563232041,,5
RENV11,5.940000057220459,-0.018181839677106404,2026-10-07,0.945,0.6779306643957842,-0.29328908194624126,0.05498573992282151,0.03225806451612878,12
RINV11,107.76000213623047,-0.0052616974539809735,2026-10-07,13.464113999999999,0.09497655736003734,-0.05994845727801812,0.10677566311708951,0.018905637653290785,12
RMBS11,7.590000152587891,-0.0013157568644944773,2026-10-07,0.8729,0.38548243108307195,-0.17255684444490138,0.14224931083442643,,8
RNGO11,54.7599983215332,-0.060720428162150175,2026-10-07,5.380000000000001,0.1758358396291532,-0.06278937655162398,0.2164275918065703,0.3290043290043292,12
ROOF11,247.97000122070312,0.0,2026-10-06,121.94334799999999,0.41066060971053575,-0.34051045239158695,0.6524047634139373,,4
RPRI11,76.79000091552734,-0.0025977003999412274,2026-10-07,11.145,0.13604470799697171,-0.16909267378887316,0.2748396136984647,0.10358011817865842,11
RRES11,9.989999771118164,,2026-09-30,0.17,,,,,1
RSPD11,740.0,0.0,2026-10-06,255.155127,0.3992759319476558,-0.2455225871201202,0.6359572403269683,,5
RURA11,8.109999656677246,0.0,2026-10-07,1.218,0.1068843621676749,-0.0873789812590533,0.05173716832245695,-0.052631578947368585,11
RZAG11,8.430000305175781,0.008373283657090225,2026-10-07,1.375,0.14762793987942915,-0.10421050222296468,0.06928203230275509,-0.04296875,11
RZAK11,79.94999694824219,0.012281508610792358,2026-10-07,11.850000000000001,0.10413289549058882,-0.08541284122048554,0.024238660955856674,-0.021406727828746308,11
RZAT11,90.80000305175781,0.011699198348276374,2026-10-07,14.05,0.12692203001801414,-0.08479018652724735,0.2983541109167242,0.5545454545454547,12
RZEO11,121.0,-0.013694166131371532,2026-09-10,37.18,,,0.8349524133143923,,4
RZLC11,1002.780029296875,0.000598731391046492,2026-10-07,146.23363799999998,0.017890353466047875,-0.009402209569884024,0.07314507021065883,-0.033027343508304496,12
RZTR11,87.91999816894531,0.025545255176227633,2026-10-07,11.5,0.13656122953016692,-0.11551301026118621,0.06612023293700074,-0.08333333333333348,12
RZZR11,129.7100067138672,0.0014669737116943526,2026-10-07,14.684000000000001,0.17943861780269912,-0.07178069562601286,0.009827207309127254,0.014266117969821801,12
SAPI11,8.619999885559082,0.016509475339645308,2026-10-07,1.4218000000000002,0.1141109895831841,-0.06917609100646993,0.23771272022274578,-0.1324050965453829,12
SCPF11,2.880000114440918,0.014084577986089863,2026-10-07,0.057999999999999996,0.7711624201298384,-0.37071652432359725,,,2
SEQR11,55.5,0.014254363338752407,2026-10-07,7.0116000000000005,0.1734538023741806,-0.08322237134300647,0.005055957185527961,0.006869311351537011,12
SHPH11,959.8800048828125,-0.01043298465689435,2026-10-07,64.0,0.28924072455970495,-0.11873333175695433,0.40910274604087155,0.2939068100358422,12
SHPP11,13.430000305175781,0.025974037328079902,2026-10-07,0.6339999999999999,0.6165212939518476,-0.2120584854273948,0.1395163683753689,-0.024922118380062197,12
SJAU11,1.0,0.0,2026-10-07,0.0,1.563803214922885,-0.9833055096072416,,,0
SMRE11,56.20000076293945,0.0033922950740958857,2026-10-07,12.215101,0.309809821238856,-0.2766865255122396,0.018347407370685114,-0.01609443279934797,12
SNAG11,9.920000076293945,0.001009104847206066,2026-10-07,1.58,0.08886852490253923,-0.07594406345064997,0.17688609917184528,-0.16279069767441867,12
SNCI11,86.30999755859375,-0.0049573474263986395,2026-10-07,12.0,0.13465996587945445,-0.09119415243308326,0.0,0.0,12
SNEL11,7.949999809265137,0.0,2026-10-07,1.2000000000000002,0.07972404839256922,-0.04799831107184127,1.4494876628609415e-16,0.0,12
SNFF11,73.70999908447266,0.000950566205926151,2026-10-07,10.58,0.15437507393036629,-0.10004260278734334,0.21245851195086407,-0.09025270758122728,12
SNFZ11,9.170000076293945,0.0,2026-10-07,1.2000000000000002,0.1611836606691562,-0.06732059400860713,1.4494876628609415e-16,0.0,12
SNME11,9.4399995803833,-0.006315833643863122,2026-10-07,1.57,0.13413508773312877,-0.04531729598285117,0.28683643947000514,-0.03750000000000009,12
SPG211,11.989999771118164,0.0,2026-10-06,0.74723,0.14968271956451915,-0.054464255987989096,0.3755521598992998,0.2941692048428117,13
SPMO11,120.0,,2026-09-09,0.0,,,,,0
SPTW11,33.599998474121094,0.03035871957191172,2026-10-07,5.92,0.2998775650461127,-0.2840195003205994,0.2451298662033403,0.09929078014184411,12
SPXS11,7.860000133514404,0.015503923248683105,2026-10-07,1.201,0.12721930145015198,-0.12616526089411817,0.06282679731005353,-0.047154471544715415,12
TELM11,9.779999732971191,0.0072090313644919135,2026-10-07,1.856,0.2328246918138629,-0.06796114527209485,0.48170574359982765,-0.07657657657657657,13
TEPP11,7.599999904632568,0.009296107951370258,2026-10-07,1.163,0.1428275677433759,-0.16344981786533574,0.30170510911180093,0.2848722986247547,12
TGAR11,50.470001220703125,0.040833150622793246,2026-10-07,9.43,0.3060591085728497,-0.5046210798941158,0.16462291045301794,-0.16893203883495134,12
TJKB11,257.0899963378906,0.012962936353715815,2026-10-07,34.1,0.1512037061918443,-0.080868202200295,0.04852625345111257,0.00588235294117645,12
TMPS11,73.45999908447266,0.016325405715332808,2026-10-07,23.19,0.18107863537922078,-0.07473684612073372,1.811824252423207,-0.6320665532236717,13
TOPP11,69.0,-0.00014493748617372404,2026-10-07,9.8,0.1882097650123343,-0.1705244231435229,0.14659824486586098,-0.05555555555555547,12
TORD11,1.0099999904632568,0.0,2026-10-07,0.08610000000000001,0.32182665086067425,-0.66396644479999,0.3204266304074604,-0.18736842105263152,12
TRBL11,52.04999923706055,0.024606299582147884,2026-10-07,9.68,0.3173684971901804,-0.4032042114309502,0.7571184558805719,0.4321608040201008,12
TRNT11,140.0,0.0,2026-10-07,0.0,0.4610788360087615,-0.1665811783228165,,,0
TRXB11,190.0,-0.02564102564102566,2026-10-07,33.741355999999996,0.4245820075271995,-0.152508793671847,0.998524214952346,-0.02864680572113487,12
TRXF11,72.0,0.011946570005510582,2026-10-07,10.870000000000001,0.16584447324845672,-0.24450758902964553,0.173090532396983,0.08580508474576232,11
TRXY11,7.630000114440918,-0.0039164143040194555,2026-10-07,1.3536039999999998,0.23422844192612427,-0.19863491194170435,0.06680183844508777,0.009495193021419102,12
TVRI11,88.43000030517578,0.005457684748028768,2026-10-07,12.600000000000001,0.1060060927177261,-0.10047242835122194,2.2087431053119107e-16,0.0,12
URHF11,54.18000030517578,-0.009506406773507448,2026-10-07,12.34,0.274541414893887,-0.21088220689142778,0.06632286924798844,-0.09273570324574965,12
URPR11,20.989999771118164,-0.00047620137532555784,2026-10-07,3.8899999999999997,0.34490300480031083,-0.5547646772043788,0.08366701869829524,-0.14761904761904765,12
VCJR11,71.12999725341797,0.016142817905971052,2026-10-07,11.36,0.13940897903970276,-0.1508916738897489,0.19881685532965934,0.2674650698602794,12
VCRA11,56.04999923706055,0.005381152234269937,2026-10-07,10.280000000000001,0.14875522000993735,-0.20491132867231643,0.08944445413568253,-0.014508138711960328,11
VCRI11,7.5,-0.007936500427734305,2026-10-07,2.005,0.1932800127343903,-0.04412635612294957,1.5511032414878858,-0.6124567474048443,12
VCRR11,56.0,0.004124072805244294,2026-10-07,5.430000000000001,0.27788300642964914,-0.2004886619702999,0.2014733271078759,0.011111111111111294,12
VGHF11,5.820000171661377,0.0562613302908066,2026-10-07,0.81,0.21497058916648287,-0.29108326460312706,0.06700252101728085,-0.07142857142857151,12
VGIA11,8.979999542236328,0.005599018516445842,2026-10-07,1.6400000000000001,0.20863274118920672,-0.2259636955558857,0.06304686123331675,-0.09302325581395354,12
VGII11,64.05999755859375,0.0,2026-10-06,47.78,0.45813366538163003,-0.2859678429420618,1.7325613922598961,-0.7313384813384813,9
VGIP11,76.98999786376953,0.04748296413291886,2026-10-07,10.36,0.15506835374307262,-0.10161549995568664,0.21502202432517384,0.3545454545454543,12
VGIR11,9.789999961853027,0.007201614496006092,2026-10-07,1.51,0.08374177856254182,-0.046216228189280395,0.05313043100038583,-0.03896103896103886,12
VGRI11,6.019999980926514,0.08273382066205759,2026-10-07,1.125,0.23870288005458137,-0.35982848127271716,0.2471657522613299,-0.33333333333333326,12
VHFA11,10.279999732971191,-0.0009718395450833972,2026-10-07,2.56,0.3446040391626849,-0.1185892016796275,1.1107645746695871,0.9425287356321836,12
VILG11,101.63999938964844,0.011443940196296243,2026-10-07,9.54,0.16285615961267244,-0.11885696230383114,0.052688420965160764,0.06493506493506507,12
VINO11,4.519999980926514,0.01573037632847374,2026-10-07,0.523,0.1794805631411416,-0.21402819007389018,0.09458172453602873,-0.09818181818181815,12
VISC11,111.94000244140625,-0.0049777560763888395,2026-10-07,9.99,0.11884646058685835,-0.08838442662238111,0.016297910517716906,0.018181818181818077,12
VIUR11,2.380000114440918,-0.0083333250549108,2026-10-07,0.692644,0.6383561182495373,-0.634920017882356,0.6538049973789222,,5
VJFD11,135.0,0.0,2026-10-07,11.54,0.4249083661524523,-0.21038779296883714,0.37350446303845675,-0.16534181240063572,12
VOTS11,85.9800033569336,-0.0013936715367488528,2026-10-07,12.78,0.4974812723422952,-0.1885859741928504,0.2339894045892416,0.29032258064516125,12
VPSI11,21.850000381469727,0.0,2026-10-06,3.205109,0.04766161237326002,-0.02055402599295275,0.15603787398791324,0.056795794396721444,12
VRTA11,76.5,0.02684563758389258,2026-10-07,10.2,0.11702570758025932,-0.10065369268889823,0.0,0.0,12
VRTM11,6.710000038146973,-0.005925920274522545,2026-10-07,1.08,0.10840901428403675,-0.10396799605864948,1.610541847623269e-16,0.0,12
VSHO11,76.91000366210938,0.0005203709392234135,2026-10-07,9.53,0.20322321707634938,-0.06570955139052148,0.29566806685800107,0.10375275938189854,12
VSLH11,1.649999976158142,0.006097555213709249,2026-10-07,0.32999999999999996,0.1834504808724337,-0.29243644375203026,0.12926423005631174,-0.05882352941176472,12
VVCR11,8.039999961853027,-0.003717439170466408,2026-10-07,1.217651,0.5420681266627346,-0.24375000620881704,0.18773163637323495,0.07206488204733774,12
VVDI11,10.0,0.0010010239350302097,2026-09-29,0.183312,,,,,2
VVMR11,84.95999908447266,-0.00011771373528035589,2026-10-07,13.32,0.2140079934395568,-0.11060468040800164,1.0047333134086454,,7
VVRI11,7.989999771118164,0.0,2026-10-07,0.330992,0.7582807588607716,-0.3116408895582755,0.6006434393069102,-0.3677060031066738,11
VXXV11,815.030029296875,0.0,2026-10-06,0.0,0.03829472362314308,-0.0035661459088550673,,,0
WHGR11,8.899999618530273,0.026528205330148324,2026-10-07,1.2000000000000002,0.13181584065473465,-0.11820190901108663,1.4494876628609415e-16,0.0,12
WPLZ11,47.02000045776367,0.00021276614736409627,2026-10-07,4.4399999999999995,0.5316863887044868,-0.15510231412958975,1.5670136895793963e-16,0.0,12
WTSP11,70.01000213623047,0.08542638970899952,2026-10-07,5.55,0.8473749594876514,-0.2665000279744466,0.5098407387179823,0.11026615969581743,12
XLPR11,78.0,0.054196543478939985,2026-10-07,5.001548,0.3653159865173171,-0.2121733331522878,1.1170342629190801,,8
XPCA11,7.489999771118164,0.004021411905869465,2026-10-07,1.28,0.11536092493565728,-0.14488908649056664,0.07298427601514275,-0.11764705882352955,12
XPCI11,81.55999755859375,-0.0014691815148588638,2026-10-07,10.69,0.1437355068367962,-0.09337110654201619,0.04212658652646476,0.03231939163498132,12
XPCM11,7.820000171661377,-0.0012771075532711507,2026-10-07,0.0,0.35719639915546664,-0.19916582834817254,,,0
XPLG11,101.19000244140625,0.021502169748718325,2026-10-07,9.84,0.10363204091721227,-0.11712664609022816,0.0,0.0,12
XPML11,107.79000091552734,0.021803043874624617,2026-10-07,11.069360000000001,0.10883487893352062,-0.08951578650872494,0.009406929795782799,0.005551368274582691,12
XPSF11,6.53000020980835,0.0,2026-10-07,0.8350000000000001,0.13590998196323634,-0.11657635347924655,0.020743123443938662,0.012048192771084487,12
ZAGH11,8.399999618530273,0.005987932308542776,2026-10-07,0.653296,0.6117188902306063,-0.3640906585462168,0.2775986991236187,0.15398818316100438,12
ZAVC11,9.229999542236328,0.0010845200561737656,2026-10-07,1.52,0.27553998141915503,-0.1031835036824651,0.03887099715136826,0.026666666666666616,12
ZAVI11,9.850000381469727,0.01129369742674391,2026-10-07,1.39,0.24303778361617634,-0.10765371271754975,0.04445427198944779,0.07462686567164156,12
ZIFI11,749.989990234375,0.0,2026-10-06,0.0,0.44488002845495395,-0.2134213421342135,,,0
